Plate,Row,Column,plateId,subRegion,vintage,vineyard,replicate,isolate,isolateId,Notes
P78,A,01,P78A01,OliverOsoyoos,2016,SB,01,01,2016SB01_01,M2 contamination
P78,B,01,P78B01,OliverOsoyoos,2016,SB,01,02,2016SB01_02,M2 contamination
P78,C,01,P78C01,OliverOsoyoos,2016,SB,01,03,2016SB01_03,M2 contamination
P78,D,01,P78D01,OliverOsoyoos,2016,SB,01,04,2016SB01_04,M2 contamination
P78,E,01,P78E01,OliverOsoyoos,2016,SB,01,05,2016SB01_05,M2 contamination
P78,F,01,P78F01,OliverOsoyoos,2016,SB,01,06,2016SB01_06,M2 contamination
P78,G,01,P78G01,OliverOsoyoos,2016,SB,01,07,2016SB01_07,M2 contamination
P78,H,01,P78H01,OliverOsoyoos,2016,SB,01,08,2016SB01_08,M2 contamination
P78,A,02,P78A02,OliverOsoyoos,2016,SB,01,09,2016SB01_09,M2 contamination
P78,B,02,P78B02,OliverOsoyoos,2016,SB,01,10,2016SB01_10,M2 contamination
P78,C,02,P78C02,OliverOsoyoos,2016,SB,01,11,2016SB01_11,M2 contamination
P78,D,02,P78D02,OliverOsoyoos,2016,SB,01,12,2016SB01_12,M2 contamination
P78,E,02,P78E02,OliverOsoyoos,2016,SB,01,13,2016SB01_13,M2 contamination
P78,F,02,P78F02,OliverOsoyoos,2016,SB,01,14,2016SB01_14,M2 contamination
P78,G,02,P78G02,OliverOsoyoos,2016,SB,01,15,2016SB01_15,M2 contamination
P78,H,02,P78H02,OliverOsoyoos,2016,SB,01,16,2016SB01_16,M2 contamination
P78,A,03,P78A03,OliverOsoyoos,2016,SB,01,17,2016SB01_17,M2 contamination
P78,B,03,P78B03,OliverOsoyoos,2016,SB,01,18,2016SB01_18,M2 contamination
P78,C,03,P78C03,OliverOsoyoos,2016,SB,01,19,2016SB01_19,M2 contamination
P78,D,03,P78D03,OliverOsoyoos,2016,SB,01,20,2016SB01_20,M2 contamination
P78,E,03,P78E03,OliverOsoyoos,2016,SB,01,21,2016SB01_21,M2 contamination
P78,F,03,P78F03,OliverOsoyoos,2016,SB,01,22,2016SB01_22,M2 contamination
P78,G,03,P78G03,OliverOsoyoos,2016,SB,01,23,2016SB01_23,M2 contamination
P78,H,03,P78H03,OliverOsoyoos,2016,SB,01,24,2016SB01_24,M2 contamination
P78,A,04,P78A04,OliverOsoyoos,2016,SB,01,25,2016SB01_25,M2 contamination
P78,B,04,P78B04,OliverOsoyoos,2016,SB,01,26,2016SB01_26,M2 contamination
P78,C,04,P78C04,OliverOsoyoos,2016,SB,01,27,2016SB01_27,M2 contamination
P78,D,04,P78D04,OliverOsoyoos,2016,SB,01,28,2016SB01_28,M2 contamination
P78,E,04,P78E04,OliverOsoyoos,2016,SB,01,29,2016SB01_29,M2 contamination
P78,F,04,P78F04,OliverOsoyoos,2016,SB,01,30,2016SB01_30,M2 contamination
P78,G,04,P78G04,OliverOsoyoos,2016,SB,01,31,2016SB01_31,M2 contamination
P78,H,04,P78H04,OliverOsoyoos,2016,SB,01,32,2016SB01_32,M2 contamination
P78,A,05,P78A05,OliverOsoyoos,2016,SB,01,33,2016SB01_33,M2 contamination
P78,B,05,P78B05,OliverOsoyoos,2016,SB,01,34,2016SB01_34,M2 contamination
P78,C,05,P78C05,OliverOsoyoos,2016,SB,01,35,2016SB01_35,M2 contamination
P78,D,05,P78D05,OliverOsoyoos,2016,SB,01,36,2016SB01_36,M2 contamination
P78,E,05,P78E05,OliverOsoyoos,2016,SB,01,37,2016SB01_37,M2 contamination
P78,F,05,P78F05,OliverOsoyoos,2016,SB,01,38,2016SB01_38,M2 contamination
P78,G,05,P78G05,OliverOsoyoos,2016,SB,01,39,2016SB01_39,M2 contamination
P78,H,05,P78H05,OliverOsoyoos,2016,SB,01,40,2016SB01_40,M2 contamination
P78,A,06,P78A06,OliverOsoyoos,2016,SB,01,41,2016SB01_41,M2 contamination
P78,B,06,P78B06,OliverOsoyoos,2016,SB,01,42,2016SB01_42,M2 contamination
P78,C,06,P78C06,OliverOsoyoos,2016,SB,01,43,2016SB01_43,M2 contamination
P78,D,06,P78D06,OliverOsoyoos,2016,SB,01,44,2016SB01_44,M2 contamination
P78,E,06,P78E06,OliverOsoyoos,2016,SB,01,45,2016SB01_45,M2 contamination
P78,F,06,P78F06,OliverOsoyoos,2016,SB,01,46,2016SB01_46,M2 contamination
P78,G,06,P78G06,OliverOsoyoos,2016,SB,01,47,2016SB01_47,M2 contamination
P78,H,06,P78H06,OliverOsoyoos,2016,SB,01,48,2016SB01_48,M2 contamination
P78,A,07,P78A07,OliverOsoyoos,2016,SB,02,01,2016SB02_01,
P78,B,07,P78B07,OliverOsoyoos,2016,SB,02,02,2016SB02_02,
P78,C,07,P78C07,OliverOsoyoos,2016,SB,02,03,2016SB02_03,
P78,D,07,P78D07,OliverOsoyoos,2016,SB,02,04,2016SB02_04,
P78,E,07,P78E07,OliverOsoyoos,2016,SB,02,05,2016SB02_05,
P78,F,07,P78F07,OliverOsoyoos,2016,SB,02,06,2016SB02_06,
P78,G,07,P78G07,OliverOsoyoos,2016,SB,02,07,2016SB02_07,
P78,H,07,P78H07,OliverOsoyoos,2016,SB,02,08,2016SB02_08,
P78,A,08,P78A08,OliverOsoyoos,2016,SB,02,09,2016SB02_09,
P78,B,08,P78B08,OliverOsoyoos,2016,SB,02,10,2016SB02_10,
P78,C,08,P78C08,OliverOsoyoos,2016,SB,02,11,2016SB02_11,
P78,D,08,P78D08,OliverOsoyoos,2016,SB,02,12,2016SB02_12,
P78,E,08,P78E08,OliverOsoyoos,2016,SB,02,13,2016SB02_13,
P78,F,08,P78F08,OliverOsoyoos,2016,SB,02,14,2016SB02_14,
P78,G,08,P78G08,OliverOsoyoos,2016,SB,02,15,2016SB02_15,
P78,H,08,P78H08,OliverOsoyoos,2016,SB,02,16,2016SB02_16,
P78,A,09,P78A09,OliverOsoyoos,2016,SB,02,17,2016SB02_17,
P78,B,09,P78B09,OliverOsoyoos,2016,SB,02,18,2016SB02_18,
P78,C,09,P78C09,OliverOsoyoos,2016,SB,02,19,2016SB02_19,
P78,D,09,P78D09,OliverOsoyoos,2016,SB,02,20,2016SB02_20,
P78,E,09,P78E09,OliverOsoyoos,2016,SB,02,21,2016SB02_21,
P78,F,09,P78F09,OliverOsoyoos,2016,SB,02,22,2016SB02_22,
P78,G,09,P78G09,OliverOsoyoos,2016,SB,02,23,2016SB02_23,
P78,H,09,P78H09,OliverOsoyoos,2016,SB,02,24,2016SB02_24,
P78,A,10,P78A10,OliverOsoyoos,2016,SB,02,25,2016SB02_25,
P78,B,10,P78B10,OliverOsoyoos,2016,SB,02,26,2016SB02_26,
P78,C,10,P78C10,OliverOsoyoos,2016,SB,02,27,2016SB02_27,
P78,D,10,P78D10,OliverOsoyoos,2016,SB,02,28,2016SB02_28,
P78,E,10,P78E10,OliverOsoyoos,2016,SB,02,29,2016SB02_29,
P78,F,10,P78F10,OliverOsoyoos,2016,SB,02,30,2016SB02_30,
P78,G,10,P78G10,OliverOsoyoos,2016,SB,02,31,2016SB02_31,
P78,H,10,P78H10,OliverOsoyoos,2016,SB,02,32,2016SB02_32,
P78,A,11,P78A11,OliverOsoyoos,2016,SB,02,33,2016SB02_33,
P78,B,11,P78B11,OliverOsoyoos,2016,SB,02,34,2016SB02_34,
P78,C,11,P78C11,OliverOsoyoos,2016,SB,02,35,2016SB02_35,
P78,D,11,P78D11,OliverOsoyoos,2016,SB,02,36,2016SB02_36,
P78,E,11,P78E11,OliverOsoyoos,2016,SB,02,37,2016SB02_37,
P78,F,11,P78F11,OliverOsoyoos,2016,SB,02,38,2016SB02_38,
P78,G,11,P78G11,OliverOsoyoos,2016,SB,02,39,2016SB02_39,
P78,H,11,P78H11,OliverOsoyoos,2016,SB,02,40,2016SB02_40,
P78,A,12,P78A12,OliverOsoyoos,2016,SB,02,41,2016SB02_41,
P78,B,12,P78B12,OliverOsoyoos,2016,SB,02,42,2016SB02_42,
P78,C,12,P78C12,OliverOsoyoos,2016,SB,02,43,2016SB02_43,
P78,D,12,P78D12,OliverOsoyoos,2016,SB,02,44,2016SB02_44,
P78,E,12,P78E12,OliverOsoyoos,2016,SB,02,45,2016SB02_45,
P78,F,12,P78F12,OliverOsoyoos,2016,SB,02,46,2016SB02_46,
P79,A,01,P79A01,OliverOsoyoos,2016,SB,04,01,2016SB04_01,
P79,B,01,P79B01,OliverOsoyoos,2016,SB,04,02,2016SB04_02,
P79,C,01,P79C01,OliverOsoyoos,2016,SB,04,03,2016SB04_03,
P79,D,01,P79D01,OliverOsoyoos,2016,SB,04,04,2016SB04_04,
P79,E,01,P79E01,OliverOsoyoos,2016,SB,04,05,2016SB04_05,
P79,F,01,P79F01,OliverOsoyoos,2016,SB,04,06,2016SB04_06,
P79,G,01,P79G01,OliverOsoyoos,2016,SB,04,07,2016SB04_07,
P79,H,01,P79H01,OliverOsoyoos,2016,SB,04,08,2016SB04_08,
P79,A,02,P79A02,OliverOsoyoos,2016,SB,04,09,2016SB04_09,
P79,B,02,P79B02,OliverOsoyoos,2016,SB,04,10,2016SB04_10,
P79,C,02,P79C02,OliverOsoyoos,2016,SB,04,11,2016SB04_11,
P79,D,02,P79D02,OliverOsoyoos,2016,SB,04,12,2016SB04_12,
P79,E,02,P79E02,OliverOsoyoos,2016,SB,04,13,2016SB04_13,
P79,F,02,P79F02,OliverOsoyoos,2016,SB,04,14,2016SB04_14,
P79,G,02,P79G02,OliverOsoyoos,2016,SB,04,15,2016SB04_15,
P79,H,02,P79H02,OliverOsoyoos,2016,SB,04,16,2016SB04_16,
P79,A,03,P79A03,OliverOsoyoos,2016,SB,04,17,2016SB04_17,
P79,B,03,P79B03,OliverOsoyoos,2016,SB,04,18,2016SB04_18,
P79,C,03,P79C03,OliverOsoyoos,2016,SB,04,19,2016SB04_19,
P79,D,03,P79D03,OliverOsoyoos,2016,SB,04,20,2016SB04_20,
P79,E,03,P79E03,OliverOsoyoos,2016,SB,04,21,2016SB04_21,
P79,F,03,P79F03,OliverOsoyoos,2016,SB,04,22,2016SB04_22,
P79,G,03,P79G03,OliverOsoyoos,2016,SB,04,23,2016SB04_23,
P79,H,03,P79H03,OliverOsoyoos,2016,SB,04,24,2016SB04_24,
P79,A,04,P79A04,OliverOsoyoos,2016,SB,04,25,2016SB04_25,
P79,B,04,P79B04,OliverOsoyoos,2016,SB,04,26,2016SB04_26,
P79,C,04,P79C04,OliverOsoyoos,2016,SB,04,27,2016SB04_27,
P79,D,04,P79D04,OliverOsoyoos,2016,SB,04,28,2016SB04_28,
P79,E,04,P79E04,OliverOsoyoos,2016,SB,04,29,2016SB04_29,
P79,F,04,P79F04,OliverOsoyoos,2016,SB,04,30,2016SB04_30,
P79,G,04,P79G04,OliverOsoyoos,2016,SB,04,31,2016SB04_31,
P79,H,04,P79H04,OliverOsoyoos,2016,SB,04,32,2016SB04_32,
P79,A,05,P79A05,OliverOsoyoos,2016,SB,04,33,2016SB04_33,
P79,B,05,P79B05,OliverOsoyoos,2016,SB,04,34,2016SB04_34,
P79,C,05,P79C05,OliverOsoyoos,2016,SB,04,35,2016SB04_35,
P79,D,05,P79D05,OliverOsoyoos,2016,SB,04,36,2016SB04_36,
P79,E,05,P79E05,OliverOsoyoos,2016,SB,04,37,2016SB04_37,
P79,F,05,P79F05,OliverOsoyoos,2016,SB,04,38,2016SB04_38,
P79,G,05,P79G05,OliverOsoyoos,2016,SB,04,39,2016SB04_39,
P79,H,05,P79H05,OliverOsoyoos,2016,SB,04,40,2016SB04_40,
P79,A,06,P79A06,OliverOsoyoos,2016,SB,04,41,2016SB04_41,
P79,B,06,P79B06,OliverOsoyoos,2016,SB,04,42,2016SB04_42,
P79,C,06,P79C06,OliverOsoyoos,2016,SB,04,43,2016SB04_43,
P79,D,06,P79D06,OliverOsoyoos,2016,SB,04,44,2016SB04_44,
P79,E,06,P79E06,OliverOsoyoos,2016,SB,04,45,2016SB04_45,
P79,F,06,P79F06,OliverOsoyoos,2016,SB,04,46,2016SB04_46,
P79,G,06,P79G06,OliverOsoyoos,2016,SB,04,47,2016SB04_47,
P79,H,06,P79H06,OliverOsoyoos,2016,SB,04,48,2016SB04_48,
P79,A,07,P79A07,OliverOsoyoos,2016,SB,06,01,2016SB06_01,
P79,B,07,P79B07,OliverOsoyoos,2016,SB,06,02,2016SB06_02,
P79,C,07,P79C07,OliverOsoyoos,2016,SB,06,03,2016SB06_03,
P79,D,07,P79D07,OliverOsoyoos,2016,SB,06,04,2016SB06_04,
P79,E,07,P79E07,OliverOsoyoos,2016,SB,06,05,2016SB06_05,
P79,F,07,P79F07,OliverOsoyoos,2016,SB,06,06,2016SB06_06,
P79,G,07,P79G07,OliverOsoyoos,2016,SB,06,07,2016SB06_07,
P79,H,07,P79H07,OliverOsoyoos,2016,SB,06,08,2016SB06_08,
P79,A,08,P79A08,OliverOsoyoos,2016,SB,06,09,2016SB06_09,
P79,B,08,P79B08,OliverOsoyoos,2016,SB,06,10,2016SB06_10,
P79,C,08,P79C08,OliverOsoyoos,2016,SB,06,11,2016SB06_11,
P79,D,08,P79D08,OliverOsoyoos,2016,SB,06,12,2016SB06_12,
P79,E,08,P79E08,OliverOsoyoos,2016,SB,06,13,2016SB06_13,
P79,F,08,P79F08,OliverOsoyoos,2016,SB,06,14,2016SB06_14,
P79,G,08,P79G08,OliverOsoyoos,2016,SB,06,15,2016SB06_15,
P79,H,08,P79H08,OliverOsoyoos,2016,SB,06,16,2016SB06_16,
P79,A,09,P79A09,OliverOsoyoos,2016,SB,06,17,2016SB06_17,
P79,B,09,P79B09,OliverOsoyoos,2016,SB,06,18,2016SB06_18,
P79,C,09,P79C09,OliverOsoyoos,2016,SB,06,19,2016SB06_19,
P79,D,09,P79D09,OliverOsoyoos,2016,SB,06,20,2016SB06_20,
P79,E,09,P79E09,OliverOsoyoos,2016,SB,06,21,2016SB06_21,
P79,F,09,P79F09,OliverOsoyoos,2016,SB,06,22,2016SB06_22,
P79,G,09,P79G09,OliverOsoyoos,2016,SB,06,23,2016SB06_23,
P79,H,09,P79H09,OliverOsoyoos,2016,SB,06,24,2016SB06_24,
P79,A,10,P79A10,OliverOsoyoos,2016,SB,06,25,2016SB06_25,
P79,B,10,P79B10,OliverOsoyoos,2016,SB,06,26,2016SB06_26,
P79,C,10,P79C10,OliverOsoyoos,2016,SB,06,27,2016SB06_27,
P79,D,10,P79D10,OliverOsoyoos,2016,SB,06,28,2016SB06_28,
P79,E,10,P79E10,OliverOsoyoos,2016,SB,06,29,2016SB06_29,
P79,F,10,P79F10,OliverOsoyoos,2016,SB,06,30,2016SB06_30,
P79,G,10,P79G10,OliverOsoyoos,2016,SB,06,31,2016SB06_31,
P79,H,10,P79H10,OliverOsoyoos,2016,SB,06,32,2016SB06_32,
P79,A,11,P79A11,OliverOsoyoos,2016,SB,06,33,2016SB06_33,
P79,B,11,P79B11,OliverOsoyoos,2016,SB,06,34,2016SB06_34,
P79,C,11,P79C11,OliverOsoyoos,2016,SB,06,35,2016SB06_35,
P79,D,11,P79D11,OliverOsoyoos,2016,SB,06,36,2016SB06_36,
P79,E,11,P79E11,OliverOsoyoos,2016,SB,06,37,2016SB06_37,
P79,F,11,P79F11,OliverOsoyoos,2016,SB,06,38,2016SB06_38,
P79,G,11,P79G11,OliverOsoyoos,2016,SB,06,39,2016SB06_39,
P79,H,11,P79H11,OliverOsoyoos,2016,SB,06,40,2016SB06_40,
P79,A,12,P79A12,OliverOsoyoos,2016,SB,06,41,2016SB06_41,
P79,B,12,P79B12,OliverOsoyoos,2016,SB,06,42,2016SB06_42,
P79,C,12,P79C12,OliverOsoyoos,2016,SB,06,43,2016SB06_43,
P79,D,12,P79D12,OliverOsoyoos,2016,SB,06,44,2016SB06_44,
P79,E,12,P79E12,OliverOsoyoos,2016,SB,06,45,2016SB06_45,
P79,F,12,P79F12,OliverOsoyoos,2016,SB,06,46,2016SB06_46,
P80,A,01,P80A01,OliverOsoyoos,2016,MHA,02,01,2016MHA02_01,
P80,B,01,P80B01,OliverOsoyoos,2016,MHA,02,02,2016MHA02_02,
P80,C,01,P80C01,OliverOsoyoos,2016,MHA,02,03,2016MHA02_03,
P80,D,01,P80D01,OliverOsoyoos,2016,MHA,02,04,2016MHA02_04,
P80,E,01,P80E01,OliverOsoyoos,2016,MHA,02,05,2016MHA02_05,
P80,F,01,P80F01,OliverOsoyoos,2016,MHA,02,06,2016MHA02_06,
P80,G,01,P80G01,OliverOsoyoos,2016,MHA,02,07,2016MHA02_07,
P80,H,01,P80H01,OliverOsoyoos,2016,MHA,02,08,2016MHA02_08,
P80,A,02,P80A02,OliverOsoyoos,2016,MHA,02,09,2016MHA02_09,
P80,B,02,P80B02,OliverOsoyoos,2016,MHA,02,10,2016MHA02_10,
P80,C,02,P80C02,OliverOsoyoos,2016,MHA,02,11,2016MHA02_11,
P80,D,02,P80D02,OliverOsoyoos,2016,MHA,02,12,2016MHA02_12,
P80,E,02,P80E02,OliverOsoyoos,2016,MHA,02,13,2016MHA02_13,
P80,F,02,P80F02,OliverOsoyoos,2016,MHA,02,14,2016MHA02_14,
P80,G,02,P80G02,OliverOsoyoos,2016,MHA,02,15,2016MHA02_15,
P80,H,02,P80H02,OliverOsoyoos,2016,MHA,02,16,2016MHA02_16,
P80,A,03,P80A03,OliverOsoyoos,2016,MHA,02,17,2016MHA02_17,
P80,B,03,P80B03,OliverOsoyoos,2016,MHA,02,18,2016MHA02_18,
P80,C,03,P80C03,OliverOsoyoos,2016,MHA,02,19,2016MHA02_19,
P80,D,03,P80D03,OliverOsoyoos,2016,MHA,02,20,2016MHA02_20,
P80,E,03,P80E03,OliverOsoyoos,2016,MHA,02,21,2016MHA02_21,
P80,F,03,P80F03,OliverOsoyoos,2016,MHA,02,22,2016MHA02_22,
P80,G,03,P80G03,OliverOsoyoos,2016,MHA,02,23,2016MHA02_23,
P80,H,03,P80H03,OliverOsoyoos,2016,MHA,02,24,2016MHA02_24,
P80,A,04,P80A04,OliverOsoyoos,2016,MHA,02,25,2016MHA02_25,
P80,B,04,P80B04,OliverOsoyoos,2016,MHA,02,26,2016MHA02_26,
P80,C,04,P80C04,OliverOsoyoos,2016,MHA,02,27,2016MHA02_27,
P80,D,04,P80D04,OliverOsoyoos,2016,MHA,02,28,2016MHA02_28,
P80,E,04,P80E04,OliverOsoyoos,2016,MHA,02,29,2016MHA02_29,
P80,F,04,P80F04,OliverOsoyoos,2016,MHA,02,30,2016MHA02_30,
P80,G,04,P80G04,OliverOsoyoos,2016,MHA,02,31,2016MHA02_31,
P80,H,04,P80H04,OliverOsoyoos,2016,MHA,02,32,2016MHA02_32,
P80,A,05,P80A05,OliverOsoyoos,2016,MHA,02,33,2016MHA02_33,
P80,B,05,P80B05,OliverOsoyoos,2016,MHA,02,34,2016MHA02_34,
P80,C,05,P80C05,OliverOsoyoos,2016,MHA,02,35,2016MHA02_35,
P80,D,05,P80D05,OliverOsoyoos,2016,MHA,02,36,2016MHA02_36,
P80,E,05,P80E05,OliverOsoyoos,2016,MHA,02,37,2016MHA02_37,
P80,F,05,P80F05,OliverOsoyoos,2016,MHA,02,38,2016MHA02_38,
P80,G,05,P80G05,OliverOsoyoos,2016,MHA,02,39,2016MHA02_39,
P80,H,05,P80H05,OliverOsoyoos,2016,MHA,02,40,2016MHA02_40,
P80,A,06,P80A06,OliverOsoyoos,2016,MHA,02,41,2016MHA02_41,
P80,B,06,P80B06,OliverOsoyoos,2016,MHA,02,42,2016MHA02_42,
P80,C,06,P80C06,OliverOsoyoos,2016,MHA,02,43,2016MHA02_43,
P80,D,06,P80D06,OliverOsoyoos,2016,MHA,02,44,2016MHA02_44,
P80,E,06,P80E06,OliverOsoyoos,2016,MHA,02,45,2016MHA02_45,
P80,F,06,P80F06,OliverOsoyoos,2016,MHA,02,46,2016MHA02_46,
P80,G,06,P80G06,OliverOsoyoos,2016,MHA,02,47,2016MHA02_47,
P80,H,06,P80H06,OliverOsoyoos,2016,MHA,02,48,2016MHA02_48,
P80,A,07,P80A07,OliverOsoyoos,2016,MHA,03,01,2016MHA03_01,
P80,B,07,P80B07,OliverOsoyoos,2016,MHA,03,02,2016MHA03_02,
P80,C,07,P80C07,OliverOsoyoos,2016,MHA,03,03,2016MHA03_03,
P80,D,07,P80D07,OliverOsoyoos,2016,MHA,03,04,2016MHA03_04,
P80,E,07,P80E07,OliverOsoyoos,2016,MHA,03,05,2016MHA03_05,
P80,F,07,P80F07,OliverOsoyoos,2016,MHA,03,06,2016MHA03_06,
P80,G,07,P80G07,OliverOsoyoos,2016,MHA,03,07,2016MHA03_07,
P80,H,07,P80H07,OliverOsoyoos,2016,MHA,03,08,2016MHA03_08,
P80,A,08,P80A08,OliverOsoyoos,2016,MHA,03,09,2016MHA03_09,
P80,B,08,P80B08,OliverOsoyoos,2016,MHA,03,10,2016MHA03_10,
P80,C,08,P80C08,OliverOsoyoos,2016,MHA,03,11,2016MHA03_11,
P80,D,08,P80D08,OliverOsoyoos,2016,MHA,03,12,2016MHA03_12,
P80,E,08,P80E08,OliverOsoyoos,2016,MHA,03,13,2016MHA03_13,
P80,F,08,P80F08,OliverOsoyoos,2016,MHA,03,14,2016MHA03_14,
P80,G,08,P80G08,OliverOsoyoos,2016,MHA,03,15,2016MHA03_15,
P80,H,08,P80H08,OliverOsoyoos,2016,MHA,03,16,2016MHA03_16,
P80,A,09,P80A09,OliverOsoyoos,2016,MHA,03,17,2016MHA03_17,
P80,B,09,P80B09,OliverOsoyoos,2016,MHA,03,18,2016MHA03_18,
P80,C,09,P80C09,OliverOsoyoos,2016,MHA,03,19,2016MHA03_19,
P80,D,09,P80D09,OliverOsoyoos,2016,MHA,03,20,2016MHA03_20,
P80,E,09,P80E09,OliverOsoyoos,2016,MHA,03,21,2016MHA03_21,
P80,F,09,P80F09,OliverOsoyoos,2016,MHA,03,22,2016MHA03_22,
P80,G,09,P80G09,OliverOsoyoos,2016,MHA,03,23,2016MHA03_23,
P80,H,09,P80H09,OliverOsoyoos,2016,MHA,03,24,2016MHA03_24,
P80,A,10,P80A10,OliverOsoyoos,2016,MHA,03,25,2016MHA03_25,
P80,B,10,P80B10,OliverOsoyoos,2016,MHA,03,26,2016MHA03_26,
P80,C,10,P80C10,OliverOsoyoos,2016,MHA,03,27,2016MHA03_27,
P80,D,10,P80D10,OliverOsoyoos,2016,MHA,03,28,2016MHA03_28,
P80,E,10,P80E10,OliverOsoyoos,2016,MHA,03,29,2016MHA03_29,
P80,F,10,P80F10,OliverOsoyoos,2016,MHA,03,30,2016MHA03_30,
P80,G,10,P80G10,OliverOsoyoos,2016,MHA,03,31,2016MHA03_31,
P80,H,10,P80H10,OliverOsoyoos,2016,MHA,03,32,2016MHA03_32,
P80,A,11,P80A11,OliverOsoyoos,2016,MHA,03,33,2016MHA03_33,
P80,B,11,P80B11,OliverOsoyoos,2016,MHA,03,34,2016MHA03_34,
P80,C,11,P80C11,OliverOsoyoos,2016,MHA,03,35,2016MHA03_35,
P80,D,11,P80D11,OliverOsoyoos,2016,MHA,03,36,2016MHA03_36,
P80,E,11,P80E11,OliverOsoyoos,2016,MHA,03,37,2016MHA03_37,
P80,F,11,P80F11,OliverOsoyoos,2016,MHA,03,38,2016MHA03_38,
P80,G,11,P80G11,OliverOsoyoos,2016,MHA,03,39,2016MHA03_39,
P80,H,11,P80H11,OliverOsoyoos,2016,MHA,03,40,2016MHA03_40,
P80,A,12,P80A12,OliverOsoyoos,2016,MHA,03,41,2016MHA03_41,
P80,B,12,P80B12,OliverOsoyoos,2016,MHA,03,42,2016MHA03_42,
P80,C,12,P80C12,OliverOsoyoos,2016,MHA,03,43,2016MHA03_43,
P80,D,12,P80D12,OliverOsoyoos,2016,MHA,03,44,2016MHA03_44,
P80,E,12,P80E12,OliverOsoyoos,2016,MHA,03,45,2016MHA03_45,
P80,F,12,P80F12,OliverOsoyoos,2016,MHA,03,46,2016MHA03_46,
P81,A,01,P81A01,OliverOsoyoos,2016,MHA,04,01,2016MHA04_01,
P81,B,01,P81B01,OliverOsoyoos,2016,MHA,04,02,2016MHA04_02,
P81,C,01,P81C01,OliverOsoyoos,2016,MHA,04,03,2016MHA04_03,
P81,D,01,P81D01,OliverOsoyoos,2016,MHA,04,04,2016MHA04_04,
P81,E,01,P81E01,OliverOsoyoos,2016,MHA,04,05,2016MHA04_05,
P81,F,01,P81F01,OliverOsoyoos,2016,MHA,04,06,2016MHA04_06,
P81,G,01,P81G01,OliverOsoyoos,2016,MHA,04,07,2016MHA04_07,
P81,H,01,P81H01,OliverOsoyoos,2016,MHA,04,08,2016MHA04_08,
P81,A,02,P81A02,OliverOsoyoos,2016,MHA,04,09,2016MHA04_09,
P81,B,02,P81B02,OliverOsoyoos,2016,MHA,04,10,2016MHA04_10,
P81,C,02,P81C02,OliverOsoyoos,2016,MHA,04,11,2016MHA04_11,
P81,D,02,P81D02,OliverOsoyoos,2016,MHA,04,12,2016MHA04_12,
P81,E,02,P81E02,OliverOsoyoos,2016,MHA,04,13,2016MHA04_13,
P81,F,02,P81F02,OliverOsoyoos,2016,MHA,04,14,2016MHA04_14,
P81,G,02,P81G02,OliverOsoyoos,2016,MHA,04,15,2016MHA04_15,
P81,H,02,P81H02,OliverOsoyoos,2016,MHA,04,16,2016MHA04_16,
P81,A,03,P81A03,OliverOsoyoos,2016,MHA,04,17,2016MHA04_17,
P81,B,03,P81B03,OliverOsoyoos,2016,MHA,04,18,2016MHA04_18,
P81,C,03,P81C03,OliverOsoyoos,2016,MHA,04,19,2016MHA04_19,
P81,D,03,P81D03,OliverOsoyoos,2016,MHA,04,20,2016MHA04_20,
P81,E,03,P81E03,OliverOsoyoos,2016,MHA,04,21,2016MHA04_21,
P81,F,03,P81F03,OliverOsoyoos,2016,MHA,04,22,2016MHA04_22,
P81,G,03,P81G03,OliverOsoyoos,2016,MHA,04,23,2016MHA04_23,
P81,H,03,P81H03,OliverOsoyoos,2016,MHA,04,24,2016MHA04_24,
P81,A,04,P81A04,OliverOsoyoos,2016,MHA,04,25,2016MHA04_25,
P81,B,04,P81B04,OliverOsoyoos,2016,MHA,04,26,2016MHA04_26,
P81,C,04,P81C04,OliverOsoyoos,2016,MHA,04,27,2016MHA04_27,
P81,D,04,P81D04,OliverOsoyoos,2016,MHA,04,28,2016MHA04_28,
P81,E,04,P81E04,OliverOsoyoos,2016,MHA,04,29,2016MHA04_29,
P81,F,04,P81F04,OliverOsoyoos,2016,MHA,04,30,2016MHA04_30,
P81,G,04,P81G04,OliverOsoyoos,2016,MHA,04,31,2016MHA04_31,
P81,H,04,P81H04,OliverOsoyoos,2016,MHA,04,32,2016MHA04_32,
P81,A,05,P81A05,OliverOsoyoos,2016,MHA,04,33,2016MHA04_33,
P81,B,05,P81B05,OliverOsoyoos,2016,MHA,04,34,2016MHA04_34,
P81,C,05,P81C05,OliverOsoyoos,2016,MHA,04,35,2016MHA04_35,
P81,D,05,P81D05,OliverOsoyoos,2016,MHA,04,36,2016MHA04_36,
P81,E,05,P81E05,OliverOsoyoos,2016,MHA,04,37,2016MHA04_37,
P81,F,05,P81F05,OliverOsoyoos,2016,MHA,04,38,2016MHA04_38,
P81,G,05,P81G05,OliverOsoyoos,2016,MHA,04,39,2016MHA04_39,
P81,H,05,P81H05,OliverOsoyoos,2016,MHA,04,40,2016MHA04_40,
P81,A,06,P81A06,OliverOsoyoos,2016,MHA,04,41,2016MHA04_41,
P81,B,06,P81B06,OliverOsoyoos,2016,MHA,04,42,2016MHA04_42,
P81,C,06,P81C06,OliverOsoyoos,2016,MHA,04,43,2016MHA04_43,
P81,D,06,P81D06,OliverOsoyoos,2016,MHA,04,44,2016MHA04_44,
P81,E,06,P81E06,OliverOsoyoos,2016,MHA,04,45,2016MHA04_45,
P81,F,06,P81F06,OliverOsoyoos,2016,MHA,04,46,2016MHA04_46,
P81,G,06,P81G06,OliverOsoyoos,2016,MHA,04,47,2016MHA04_47,
P81,H,06,P81H06,OliverOsoyoos,2016,MHA,04,48,2016MHA04_48,
P81,A,07,P81A07,OliverOsoyoos,2016,TN,01,01,2016TN01_01,
P81,B,07,P81B07,OliverOsoyoos,2016,TN,01,02,2016TN01_02,
P81,C,07,P81C07,OliverOsoyoos,2016,TN,01,03,2016TN01_03,
P81,D,07,P81D07,OliverOsoyoos,2016,TN,01,04,2016TN01_04,
P81,E,07,P81E07,OliverOsoyoos,2016,TN,01,05,2016TN01_05,
P81,F,07,P81F07,OliverOsoyoos,2016,TN,01,06,2016TN01_06,
P81,G,07,P81G07,OliverOsoyoos,2016,TN,01,07,2016TN01_07,
P81,H,07,P81H07,OliverOsoyoos,2016,TN,01,08,2016TN01_08,
P81,A,08,P81A08,OliverOsoyoos,2016,TN,01,09,2016TN01_09,
P81,B,08,P81B08,OliverOsoyoos,2016,TN,01,10,2016TN01_10,
P81,C,08,P81C08,OliverOsoyoos,2016,TN,01,11,2016TN01_11,
P81,D,08,P81D08,OliverOsoyoos,2016,TN,01,12,2016TN01_12,
P81,E,08,P81E08,OliverOsoyoos,2016,TN,01,13,2016TN01_13,
P81,F,08,P81F08,OliverOsoyoos,2016,TN,01,14,2016TN01_14,
P81,G,08,P81G08,OliverOsoyoos,2016,TN,01,15,2016TN01_15,
P81,H,08,P81H08,OliverOsoyoos,2016,TN,01,16,2016TN01_16,
P81,A,09,P81A09,OliverOsoyoos,2016,TN,01,17,2016TN01_17,
P81,B,09,P81B09,OliverOsoyoos,2016,TN,01,18,2016TN01_18,
P81,C,09,P81C09,OliverOsoyoos,2016,TN,01,19,2016TN01_19,
P81,D,09,P81D09,OliverOsoyoos,2016,TN,01,20,2016TN01_20,
P81,E,09,P81E09,OliverOsoyoos,2016,TN,01,21,2016TN01_21,
P81,F,09,P81F09,OliverOsoyoos,2016,TN,01,22,2016TN01_22,
P81,G,09,P81G09,OliverOsoyoos,2016,TN,01,23,2016TN01_23,
P81,H,09,P81H09,OliverOsoyoos,2016,TN,01,24,2016TN01_24,
P81,A,10,P81A10,OliverOsoyoos,2016,TN,01,25,2016TN01_25,
P81,B,10,P81B10,OliverOsoyoos,2016,TN,01,26,2016TN01_26,
P81,C,10,P81C10,OliverOsoyoos,2016,TN,01,27,2016TN01_27,
P81,D,10,P81D10,OliverOsoyoos,2016,TN,01,28,2016TN01_28,
P81,E,10,P81E10,OliverOsoyoos,2016,TN,01,29,2016TN01_29,
P81,F,10,P81F10,OliverOsoyoos,2016,TN,01,30,2016TN01_30,
P81,G,10,P81G10,OliverOsoyoos,2016,TN,01,31,2016TN01_31,
P81,H,10,P81H10,OliverOsoyoos,2016,TN,01,32,2016TN01_32,
P81,A,11,P81A11,OliverOsoyoos,2016,TN,01,33,2016TN01_33,
P81,B,11,P81B11,OliverOsoyoos,2016,TN,01,34,2016TN01_34,
P81,C,11,P81C11,OliverOsoyoos,2016,TN,01,35,2016TN01_35,
P81,D,11,P81D11,OliverOsoyoos,2016,TN,01,36,2016TN01_36,
P81,E,11,P81E11,OliverOsoyoos,2016,TN,01,37,2016TN01_37,
P81,F,11,P81F11,OliverOsoyoos,2016,TN,01,38,2016TN01_38,
P81,G,11,P81G11,OliverOsoyoos,2016,TN,01,39,2016TN01_39,
P81,H,11,P81H11,OliverOsoyoos,2016,TN,01,40,2016TN01_40,
P81,A,12,P81A12,OliverOsoyoos,2016,TN,01,41,2016TN01_41,
P81,B,12,P81B12,OliverOsoyoos,2016,TN,01,42,2016TN01_42,
P81,C,12,P81C12,OliverOsoyoos,2016,TN,01,43,2016TN01_43,
P81,D,12,P81D12,OliverOsoyoos,2016,TN,01,44,2016TN01_44,
P81,E,12,P81E12,OliverOsoyoos,2016,TN,01,45,2016TN01_45,
P81,F,12,P81F12,OliverOsoyoos,2016,TN,01,46,2016TN01_46,
P82,A,01,P82A01,OliverOsoyoos,2016,TN,03,01,2016TN03_01,
P82,B,01,P82B01,OliverOsoyoos,2016,TN,03,02,2016TN03_02,
P82,C,01,P82C01,OliverOsoyoos,2016,TN,03,03,2016TN03_03,
P82,D,01,P82D01,OliverOsoyoos,2016,TN,03,04,2016TN03_04,
P82,E,01,P82E01,OliverOsoyoos,2016,TN,03,05,2016TN03_05,
P82,F,01,P82F01,OliverOsoyoos,2016,TN,03,06,2016TN03_06,
P82,G,01,P82G01,OliverOsoyoos,2016,TN,03,07,2016TN03_07,
P82,H,01,P82H01,OliverOsoyoos,2016,TN,03,08,2016TN03_08,
P82,A,02,P82A02,OliverOsoyoos,2016,TN,03,09,2016TN03_09,
P82,B,02,P82B02,OliverOsoyoos,2016,TN,03,10,2016TN03_10,
P82,C,02,P82C02,OliverOsoyoos,2016,TN,03,11,2016TN03_11,
P82,D,02,P82D02,OliverOsoyoos,2016,TN,03,12,2016TN03_12,
P82,E,02,P82E02,OliverOsoyoos,2016,TN,03,13,2016TN03_13,
P82,F,02,P82F02,OliverOsoyoos,2016,TN,03,14,2016TN03_14,
P82,G,02,P82G02,OliverOsoyoos,2016,TN,03,15,2016TN03_15,
P82,H,02,P82H02,OliverOsoyoos,2016,TN,03,16,2016TN03_16,
P82,A,03,P82A03,OliverOsoyoos,2016,TN,03,17,2016TN03_17,
P82,B,03,P82B03,OliverOsoyoos,2016,TN,03,18,2016TN03_18,
P82,C,03,P82C03,OliverOsoyoos,2016,TN,03,19,2016TN03_19,
P82,D,03,P82D03,OliverOsoyoos,2016,TN,03,20,2016TN03_20,
P82,E,03,P82E03,OliverOsoyoos,2016,TN,03,21,2016TN03_21,
P82,F,03,P82F03,OliverOsoyoos,2016,TN,03,22,2016TN03_22,
P82,G,03,P82G03,OliverOsoyoos,2016,TN,03,23,2016TN03_23,
P82,H,03,P82H03,OliverOsoyoos,2016,TN,03,24,2016TN03_24,
P82,A,04,P82A04,OliverOsoyoos,2016,TN,03,25,2016TN03_25,
P82,B,04,P82B04,OliverOsoyoos,2016,TN,03,26,2016TN03_26,
P82,C,04,P82C04,OliverOsoyoos,2016,TN,03,27,2016TN03_27,
P82,D,04,P82D04,OliverOsoyoos,2016,TN,03,28,2016TN03_28,
P82,E,04,P82E04,OliverOsoyoos,2016,TN,03,29,2016TN03_29,
P82,F,04,P82F04,OliverOsoyoos,2016,TN,03,30,2016TN03_30,
P82,G,04,P82G04,OliverOsoyoos,2016,TN,03,31,2016TN03_31,
P82,H,04,P82H04,OliverOsoyoos,2016,TN,03,32,2016TN03_32,
P82,A,05,P82A05,OliverOsoyoos,2016,TN,03,33,2016TN03_33,
P82,B,05,P82B05,OliverOsoyoos,2016,TN,03,34,2016TN03_34,
P82,C,05,P82C05,OliverOsoyoos,2016,TN,03,35,2016TN03_35,
P82,D,05,P82D05,OliverOsoyoos,2016,TN,03,36,2016TN03_36,
P82,E,05,P82E05,OliverOsoyoos,2016,TN,03,37,2016TN03_37,
P82,F,05,P82F05,OliverOsoyoos,2016,TN,03,38,2016TN03_38,
P82,G,05,P82G05,OliverOsoyoos,2016,TN,03,39,2016TN03_39,
P82,H,05,P82H05,OliverOsoyoos,2016,TN,03,40,2016TN03_40,
P82,A,06,P82A06,OliverOsoyoos,2016,TN,03,41,2016TN03_41,
P82,B,06,P82B06,OliverOsoyoos,2016,TN,03,42,2016TN03_42,
P82,C,06,P82C06,OliverOsoyoos,2016,TN,03,43,2016TN03_43,
P82,D,06,P82D06,OliverOsoyoos,2016,TN,03,44,2016TN03_44,
P82,E,06,P82E06,OliverOsoyoos,2016,TN,03,45,2016TN03_45,
P82,F,06,P82F06,OliverOsoyoos,2016,TN,03,46,2016TN03_46,
P82,G,06,P82G06,OliverOsoyoos,2016,TN,03,47,2016TN03_47,
P82,H,06,P82H06,OliverOsoyoos,2016,TN,03,48,2016TN03_48,
P82,A,07,P82A07,OliverOsoyoos,2016,TN,05,01,2016TN05_01,
P82,B,07,P82B07,OliverOsoyoos,2016,TN,05,02,2016TN05_02,
P82,C,07,P82C07,OliverOsoyoos,2016,TN,05,03,2016TN05_03,
P82,D,07,P82D07,OliverOsoyoos,2016,TN,05,04,2016TN05_04,
P82,E,07,P82E07,OliverOsoyoos,2016,TN,05,05,2016TN05_05,
P82,F,07,P82F07,OliverOsoyoos,2016,TN,05,06,2016TN05_06,
P82,G,07,P82G07,OliverOsoyoos,2016,TN,05,07,2016TN05_07,
P82,H,07,P82H07,OliverOsoyoos,2016,TN,05,08,2016TN05_08,
P82,A,08,P82A08,OliverOsoyoos,2016,TN,05,09,2016TN05_09,
P82,B,08,P82B08,OliverOsoyoos,2016,TN,05,10,2016TN05_10,
P82,C,08,P82C08,OliverOsoyoos,2016,TN,05,11,2016TN05_11,
P82,D,08,P82D08,OliverOsoyoos,2016,TN,05,12,2016TN05_12,
P82,E,08,P82E08,OliverOsoyoos,2016,TN,05,13,2016TN05_13,
P82,F,08,P82F08,OliverOsoyoos,2016,TN,05,14,2016TN05_14,
P82,G,08,P82G08,OliverOsoyoos,2016,TN,05,15,2016TN05_15,
P82,H,08,P82H08,OliverOsoyoos,2016,TN,05,16,2016TN05_16,
P82,A,09,P82A09,OliverOsoyoos,2016,TN,05,17,2016TN05_17,
P82,B,09,P82B09,OliverOsoyoos,2016,TN,05,18,2016TN05_18,
P82,C,09,P82C09,OliverOsoyoos,2016,TN,05,19,2016TN05_19,
P82,D,09,P82D09,OliverOsoyoos,2016,TN,05,20,2016TN05_20,
P82,E,09,P82E09,OliverOsoyoos,2016,TN,05,21,2016TN05_21,
P82,F,09,P82F09,OliverOsoyoos,2016,TN,05,22,2016TN05_22,
P82,G,09,P82G09,OliverOsoyoos,2016,TN,05,23,2016TN05_23,
P82,H,09,P82H09,OliverOsoyoos,2016,TN,05,24,2016TN05_24,
P82,A,10,P82A10,OliverOsoyoos,2016,TN,05,25,2016TN05_25,
P82,B,10,P82B10,OliverOsoyoos,2016,TN,05,26,2016TN05_26,
P82,C,10,P82C10,OliverOsoyoos,2016,TN,05,27,2016TN05_27,
P82,D,10,P82D10,OliverOsoyoos,2016,TN,05,28,2016TN05_28,
P82,E,10,P82E10,OliverOsoyoos,2016,TN,05,29,2016TN05_29,
P82,F,10,P82F10,OliverOsoyoos,2016,TN,05,30,2016TN05_30,
P82,G,10,P82G10,OliverOsoyoos,2016,TN,05,31,2016TN05_31,
P82,H,10,P82H10,OliverOsoyoos,2016,TN,05,32,2016TN05_32,
P82,A,11,P82A11,OliverOsoyoos,2016,TN,05,33,2016TN05_33,
P82,B,11,P82B11,OliverOsoyoos,2016,TN,05,34,2016TN05_34,
P82,C,11,P82C11,OliverOsoyoos,2016,TN,05,35,2016TN05_35,
P82,D,11,P82D11,OliverOsoyoos,2016,TN,05,36,2016TN05_36,
P82,E,11,P82E11,OliverOsoyoos,2016,TN,05,37,2016TN05_37,
P82,F,11,P82F11,OliverOsoyoos,2016,TN,05,38,2016TN05_38,
P82,G,11,P82G11,OliverOsoyoos,2016,TN,05,39,2016TN05_39,
P82,H,11,P82H11,OliverOsoyoos,2016,TN,05,40,2016TN05_40,
P82,A,12,P82A12,OliverOsoyoos,2016,TN,05,41,2016TN05_41,
P82,B,12,P82B12,OliverOsoyoos,2016,TN,05,42,2016TN05_42,
P82,C,12,P82C12,OliverOsoyoos,2016,TN,05,43,2016TN05_43,
P82,D,12,P82D12,OliverOsoyoos,2016,TN,05,44,2016TN05_44,
P82,E,12,P82E12,OliverOsoyoos,2016,TN,05,45,2016TN05_45,
P82,F,12,P82F12,OliverOsoyoos,2016,TN,05,46,2016TN05_46,
P83,A,01,P83A01,Kelowna,2016,TA,01,01,2016TA01_01,
P83,B,01,P83B01,Kelowna,2016,TA,01,02,2016TA01_02,
P83,C,01,P83C01,Kelowna,2016,TA,01,03,2016TA01_03,
P83,D,01,P83D01,Kelowna,2016,TA,01,04,2016TA01_04,
P83,E,01,P83E01,Kelowna,2016,TA,01,05,2016TA01_05,
P83,F,01,P83F01,Kelowna,2016,TA,01,06,2016TA01_06,
P83,G,01,P83G01,Kelowna,2016,TA,01,07,2016TA01_07,
P83,H,01,P83H01,Kelowna,2016,TA,01,08,2016TA01_08,
P83,A,02,P83A02,Kelowna,2016,TA,01,09,2016TA01_09,
P83,B,02,P83B02,Kelowna,2016,TA,01,10,2016TA01_10,
P83,C,02,P83C02,Kelowna,2016,TA,01,11,2016TA01_11,
P83,D,02,P83D02,Kelowna,2016,TA,01,12,2016TA01_12,
P83,E,02,P83E02,Kelowna,2016,TA,01,13,2016TA01_13,
P83,F,02,P83F02,Kelowna,2016,TA,01,14,2016TA01_14,
P83,G,02,P83G02,Kelowna,2016,TA,01,15,2016TA01_15,
P83,H,02,P83H02,Kelowna,2016,TA,01,16,2016TA01_16,
P83,A,03,P83A03,Kelowna,2016,TA,01,17,2016TA01_17,
P83,B,03,P83B03,Kelowna,2016,TA,01,18,2016TA01_18,
P83,C,03,P83C03,Kelowna,2016,TA,01,19,2016TA01_19,
P83,D,03,P83D03,Kelowna,2016,TA,01,20,2016TA01_20,
P83,E,03,P83E03,Kelowna,2016,TA,01,21,2016TA01_21,
P83,F,03,P83F03,Kelowna,2016,TA,01,22,2016TA01_22,
P83,G,03,P83G03,Kelowna,2016,TA,01,23,2016TA01_23,
P83,H,03,P83H03,Kelowna,2016,TA,01,24,2016TA01_24,
P83,A,04,P83A04,Kelowna,2016,TA,01,25,2016TA01_25,
P83,B,04,P83B04,Kelowna,2016,TA,01,26,2016TA01_26,
P83,C,04,P83C04,Kelowna,2016,TA,01,27,2016TA01_27,
P83,D,04,P83D04,Kelowna,2016,TA,01,28,2016TA01_28,
P83,E,04,P83E04,Kelowna,2016,TA,01,29,2016TA01_29,
P83,F,04,P83F04,Kelowna,2016,TA,01,30,2016TA01_30,
P83,G,04,P83G04,Kelowna,2016,TA,01,31,2016TA01_31,
P83,H,04,P83H04,Kelowna,2016,TA,01,32,2016TA01_32,
P83,A,05,P83A05,Kelowna,2016,TA,01,33,2016TA01_33,
P83,B,05,P83B05,Kelowna,2016,TA,01,34,2016TA01_34,
P83,C,05,P83C05,Kelowna,2016,TA,01,35,2016TA01_35,
P83,D,05,P83D05,Kelowna,2016,TA,01,36,2016TA01_36,
P83,E,05,P83E05,Kelowna,2016,TA,01,37,2016TA01_37,
P83,F,05,P83F05,Kelowna,2016,TA,01,38,2016TA01_38,
P83,G,05,P83G05,Kelowna,2016,TA,01,39,2016TA01_39,
P83,H,05,P83H05,Kelowna,2016,TA,01,40,2016TA01_40,
P83,A,06,P83A06,Kelowna,2016,TA,01,41,2016TA01_41,
P83,B,06,P83B06,Kelowna,2016,TA,01,42,2016TA01_42,
P83,C,06,P83C06,Kelowna,2016,TA,01,43,2016TA01_43,
P83,D,06,P83D06,Kelowna,2016,TA,01,44,2016TA01_44,
P83,E,06,P83E06,Kelowna,2016,TA,01,45,2016TA01_45,
P83,F,06,P83F06,Kelowna,2016,TA,01,46,2016TA01_46,
P83,G,06,P83G06,Kelowna,2016,TA,01,47,2016TA01_47,
P83,H,06,P83H06,Kelowna,2016,TA,01,48,2016TA01_48,
P83,A,07,P83A07,Kelowna,2016,TA,02,01,2016TA02_01,
P83,B,07,P83B07,Kelowna,2016,TA,02,02,2016TA02_02,
P83,C,07,P83C07,Kelowna,2016,TA,02,03,2016TA02_03,
P83,D,07,P83D07,Kelowna,2016,TA,02,04,2016TA02_04,
P83,E,07,P83E07,Kelowna,2016,TA,02,05,2016TA02_05,
P83,F,07,P83F07,Kelowna,2016,TA,02,06,2016TA02_06,
P83,G,07,P83G07,Kelowna,2016,TA,02,07,2016TA02_07,
P83,H,07,P83H07,Kelowna,2016,TA,02,08,2016TA02_08,
P83,A,08,P83A08,Kelowna,2016,TA,02,09,2016TA02_09,
P83,B,08,P83B08,Kelowna,2016,TA,02,10,2016TA02_10,
P83,C,08,P83C08,Kelowna,2016,TA,02,11,2016TA02_11,
P83,D,08,P83D08,Kelowna,2016,TA,02,12,2016TA02_12,
P83,E,08,P83E08,Kelowna,2016,TA,02,13,2016TA02_13,
P83,F,08,P83F08,Kelowna,2016,TA,02,14,2016TA02_14,
P83,G,08,P83G08,Kelowna,2016,TA,02,15,2016TA02_15,
P83,H,08,P83H08,Kelowna,2016,TA,02,16,2016TA02_16,
P83,A,09,P83A09,Kelowna,2016,TA,02,17,2016TA02_17,
P83,B,09,P83B09,Kelowna,2016,TA,02,18,2016TA02_18,
P83,C,09,P83C09,Kelowna,2016,TA,02,19,2016TA02_19,
P83,D,09,P83D09,Kelowna,2016,TA,02,20,2016TA02_20,
P83,E,09,P83E09,Kelowna,2016,TA,02,21,2016TA02_21,
P83,F,09,P83F09,Kelowna,2016,TA,02,22,2016TA02_22,
P83,G,09,P83G09,Kelowna,2016,TA,02,23,2016TA02_23,
P83,H,09,P83H09,Kelowna,2016,TA,02,24,2016TA02_24,
P83,A,10,P83A10,Kelowna,2016,TA,02,25,2016TA02_25,
P83,B,10,P83B10,Kelowna,2016,TA,02,26,2016TA02_26,
P83,C,10,P83C10,Kelowna,2016,TA,02,27,2016TA02_27,
P83,D,10,P83D10,Kelowna,2016,TA,02,28,2016TA02_28,
P83,E,10,P83E10,Kelowna,2016,TA,02,29,2016TA02_29,
P83,F,10,P83F10,Kelowna,2016,TA,02,30,2016TA02_30,
P83,G,10,P83G10,Kelowna,2016,TA,02,31,2016TA02_31,
P83,H,10,P83H10,Kelowna,2016,TA,02,32,2016TA02_32,
P83,A,11,P83A11,Kelowna,2016,TA,02,33,2016TA02_33,
P83,B,11,P83B11,Kelowna,2016,TA,02,34,2016TA02_34,
P83,C,11,P83C11,Kelowna,2016,TA,02,35,2016TA02_35,
P83,D,11,P83D11,Kelowna,2016,TA,02,36,2016TA02_36,
P83,E,11,P83E11,Kelowna,2016,TA,02,37,2016TA02_37,
P83,F,11,P83F11,Kelowna,2016,TA,02,38,2016TA02_38,
P83,G,11,P83G11,Kelowna,2016,TA,02,39,2016TA02_39,
P83,H,11,P83H11,Kelowna,2016,TA,02,40,2016TA02_40,
P83,A,12,P83A12,Kelowna,2016,TA,02,41,2016TA02_41,
P83,B,12,P83B12,Kelowna,2016,TA,02,42,2016TA02_42,
P83,C,12,P83C12,Kelowna,2016,TA,02,43,2016TA02_43,
P83,D,12,P83D12,Kelowna,2016,TA,02,44,2016TA02_44,
P83,E,12,P83E12,Kelowna,2016,TA,02,45,2016TA02_45,
P83,F,12,P83F12,Kelowna,2016,TA,02,46,2016TA02_46,
P84,A,01,P84A01,Kelowna,2016,TA,03,01,2016TA03_01,
P84,B,01,P84B01,Kelowna,2016,TA,03,02,2016TA03_02,
P84,C,01,P84C01,Kelowna,2016,TA,03,03,2016TA03_03,
P84,D,01,P84D01,Kelowna,2016,TA,03,04,2016TA03_04,
P84,E,01,P84E01,Kelowna,2016,TA,03,05,2016TA03_05,
P84,F,01,P84F01,Kelowna,2016,TA,03,06,2016TA03_06,
P84,G,01,P84G01,Kelowna,2016,TA,03,07,2016TA03_07,
P84,H,01,P84H01,Kelowna,2016,TA,03,08,2016TA03_08,
P84,A,02,P84A02,Kelowna,2016,TA,03,09,2016TA03_09,
P84,B,02,P84B02,Kelowna,2016,TA,03,10,2016TA03_10,
P84,C,02,P84C02,Kelowna,2016,TA,03,11,2016TA03_11,
P84,D,02,P84D02,Kelowna,2016,TA,03,12,2016TA03_12,
P84,E,02,P84E02,Kelowna,2016,TA,03,13,2016TA03_13,
P84,F,02,P84F02,Kelowna,2016,TA,03,14,2016TA03_14,
P84,G,02,P84G02,Kelowna,2016,TA,03,15,2016TA03_15,
P84,H,02,P84H02,Kelowna,2016,TA,03,16,2016TA03_16,
P84,A,03,P84A03,Kelowna,2016,TA,03,17,2016TA03_17,
P84,B,03,P84B03,Kelowna,2016,TA,03,18,2016TA03_18,
P84,C,03,P84C03,Kelowna,2016,TA,03,19,2016TA03_19,
P84,D,03,P84D03,Kelowna,2016,TA,03,20,2016TA03_20,
P84,E,03,P84E03,Kelowna,2016,TA,03,21,2016TA03_21,
P84,F,03,P84F03,Kelowna,2016,TA,03,22,2016TA03_22,
P84,G,03,P84G03,Kelowna,2016,TA,03,23,2016TA03_23,
P84,H,03,P84H03,Kelowna,2016,TA,03,24,2016TA03_24,
P84,A,04,P84A04,Kelowna,2016,TA,03,25,2016TA03_25,
P84,B,04,P84B04,Kelowna,2016,TA,03,26,2016TA03_26,
P84,C,04,P84C04,Kelowna,2016,TA,03,27,2016TA03_27,
P84,D,04,P84D04,Kelowna,2016,TA,03,28,2016TA03_28,
P84,E,04,P84E04,Kelowna,2016,TA,03,29,2016TA03_29,
P84,F,04,P84F04,Kelowna,2016,TA,03,30,2016TA03_30,
P84,G,04,P84G04,Kelowna,2016,TA,03,31,2016TA03_31,
P84,H,04,P84H04,Kelowna,2016,TA,03,32,2016TA03_32,
P84,A,05,P84A05,Kelowna,2016,TA,03,33,2016TA03_33,
P84,B,05,P84B05,Kelowna,2016,TA,03,34,2016TA03_34,
P84,C,05,P84C05,Kelowna,2016,TA,03,35,2016TA03_35,
P84,D,05,P84D05,Kelowna,2016,TA,03,36,2016TA03_36,
P84,E,05,P84E05,Kelowna,2016,TA,03,37,2016TA03_37,
P84,F,05,P84F05,Kelowna,2016,TA,03,38,2016TA03_38,
P84,G,05,P84G05,Kelowna,2016,TA,03,39,2016TA03_39,
P84,H,05,P84H05,Kelowna,2016,TA,03,40,2016TA03_40,
P84,A,06,P84A06,Kelowna,2016,TA,03,41,2016TA03_41,
P84,B,06,P84B06,Kelowna,2016,TA,03,42,2016TA03_42,
P84,C,06,P84C06,Kelowna,2016,TA,03,43,2016TA03_43,
P84,D,06,P84D06,Kelowna,2016,TA,03,44,2016TA03_44,
P84,E,06,P84E06,Kelowna,2016,TA,03,45,2016TA03_45,
P84,F,06,P84F06,Kelowna,2016,TA,03,46,2016TA03_46,
P84,G,06,P84G06,Kelowna,2016,TA,03,47,2016TA03_47,
P84,H,06,P84H06,Kelowna,2016,TA,03,48,2016TA03_48,
P84,A,07,P84A07,Kelowna,2016,TA,04,01,2016TA04_01,
P84,B,07,P84B07,Kelowna,2016,TA,04,02,2016TA04_02,
P84,C,07,P84C07,Kelowna,2016,TA,04,03,2016TA04_03,
P84,D,07,P84D07,Kelowna,2016,TA,04,04,2016TA04_04,
P84,E,07,P84E07,Kelowna,2016,TA,04,05,2016TA04_05,
P84,F,07,P84F07,Kelowna,2016,TA,04,06,2016TA04_06,
P84,G,07,P84G07,Kelowna,2016,TA,04,07,2016TA04_07,
P84,H,07,P84H07,Kelowna,2016,TA,04,08,2016TA04_08,
P84,A,08,P84A08,Kelowna,2016,TA,04,09,2016TA04_09,
P84,B,08,P84B08,Kelowna,2016,TA,04,10,2016TA04_10,
P84,C,08,P84C08,Kelowna,2016,TA,04,11,2016TA04_11,
P84,D,08,P84D08,Kelowna,2016,TA,04,12,2016TA04_12,
P84,E,08,P84E08,Kelowna,2016,TA,04,13,2016TA04_13,
P84,F,08,P84F08,Kelowna,2016,TA,04,14,2016TA04_14,
P84,G,08,P84G08,Kelowna,2016,TA,04,15,2016TA04_15,
P84,H,08,P84H08,Kelowna,2016,TA,04,16,2016TA04_16,
P84,A,09,P84A09,Kelowna,2016,TA,04,17,2016TA04_17,
P84,B,09,P84B09,Kelowna,2016,TA,04,18,2016TA04_18,
P84,C,09,P84C09,Kelowna,2016,TA,04,19,2016TA04_19,
P84,D,09,P84D09,Kelowna,2016,TA,04,20,2016TA04_20,
P84,E,09,P84E09,Kelowna,2016,TA,04,21,2016TA04_21,
P84,F,09,P84F09,Kelowna,2016,TA,04,22,2016TA04_22,
P84,G,09,P84G09,Kelowna,2016,TA,04,23,2016TA04_23,
P84,H,09,P84H09,Kelowna,2016,TA,04,24,2016TA04_24,
P84,A,10,P84A10,Kelowna,2016,TA,04,25,2016TA04_25,
P84,B,10,P84B10,Kelowna,2016,TA,04,26,2016TA04_26,
P84,C,10,P84C10,Kelowna,2016,TA,04,27,2016TA04_27,
P84,D,10,P84D10,Kelowna,2016,TA,04,28,2016TA04_28,
P84,E,10,P84E10,Kelowna,2016,TA,04,29,2016TA04_29,
P84,F,10,P84F10,Kelowna,2016,TA,04,30,2016TA04_30,
P84,G,10,P84G10,Kelowna,2016,TA,04,31,2016TA04_31,
P84,H,10,P84H10,Kelowna,2016,TA,04,32,2016TA04_32,
P84,A,11,P84A11,Kelowna,2016,TA,04,33,2016TA04_33,
P84,B,11,P84B11,Kelowna,2016,TA,04,34,2016TA04_34,
P84,C,11,P84C11,Kelowna,2016,TA,04,35,2016TA04_35,
P84,D,11,P84D11,Kelowna,2016,TA,04,36,2016TA04_36,
P84,E,11,P84E11,Kelowna,2016,TA,04,37,2016TA04_37,
P84,F,11,P84F11,Kelowna,2016,TA,04,38,2016TA04_38,
P84,G,11,P84G11,Kelowna,2016,TA,04,39,2016TA04_39,
P84,H,11,P84H11,Kelowna,2016,TA,04,40,2016TA04_40,
P84,A,12,P84A12,Kelowna,2016,TA,04,41,2016TA04_41,
P84,B,12,P84B12,Kelowna,2016,TA,04,42,2016TA04_42,
P84,C,12,P84C12,Kelowna,2016,TA,04,43,2016TA04_43,
P84,D,12,P84D12,Kelowna,2016,TA,04,44,2016TA04_44,
P84,E,12,P84E12,Kelowna,2016,TA,04,45,2016TA04_45,
P84,F,12,P84F12,Kelowna,2016,TA,04,46,2016TA04_46,
P85,A,01,P85A01,Kelowna,2016,TA,05,01,2016TA05_01,
P85,B,01,P85B01,Kelowna,2016,TA,05,02,2016TA05_02,
P85,C,01,P85C01,Kelowna,2016,TA,05,03,2016TA05_03,
P85,D,01,P85D01,Kelowna,2016,TA,05,04,2016TA05_04,
P85,E,01,P85E01,Kelowna,2016,TA,05,05,2016TA05_05,
P85,F,01,P85F01,Kelowna,2016,TA,05,06,2016TA05_06,
P85,G,01,P85G01,Kelowna,2016,TA,05,07,2016TA05_07,
P85,H,01,P85H01,Kelowna,2016,TA,05,08,2016TA05_08,
P85,A,02,P85A02,Kelowna,2016,TA,05,09,2016TA05_09,
P85,B,02,P85B02,Kelowna,2016,TA,05,10,2016TA05_10,
P85,C,02,P85C02,Kelowna,2016,TA,05,11,2016TA05_11,
P85,D,02,P85D02,Kelowna,2016,TA,05,12,2016TA05_12,
P85,E,02,P85E02,Kelowna,2016,TA,05,13,2016TA05_13,
P85,F,02,P85F02,Kelowna,2016,TA,05,14,2016TA05_14,
P85,G,02,P85G02,Kelowna,2016,TA,05,15,2016TA05_15,
P85,H,02,P85H02,Kelowna,2016,TA,05,16,2016TA05_16,
P85,A,03,P85A03,Kelowna,2016,TA,05,17,2016TA05_17,
P85,B,03,P85B03,Kelowna,2016,TA,05,18,2016TA05_18,
P85,C,03,P85C03,Kelowna,2016,TA,05,19,2016TA05_19,
P85,D,03,P85D03,Kelowna,2016,TA,05,20,2016TA05_20,
P85,E,03,P85E03,Kelowna,2016,TA,05,21,2016TA05_21,
P85,F,03,P85F03,Kelowna,2016,TA,05,22,2016TA05_22,
P85,G,03,P85G03,Kelowna,2016,TA,05,23,2016TA05_23,
P85,H,03,P85H03,Kelowna,2016,TA,05,24,2016TA05_24,
P85,A,04,P85A04,Kelowna,2016,TA,05,25,2016TA05_25,
P85,B,04,P85B04,Kelowna,2016,TA,05,26,2016TA05_26,
P85,C,04,P85C04,Kelowna,2016,TA,05,27,2016TA05_27,
P85,D,04,P85D04,Kelowna,2016,TA,05,28,2016TA05_28,
P85,E,04,P85E04,Kelowna,2016,TA,05,29,2016TA05_29,
P85,F,04,P85F04,Kelowna,2016,TA,05,30,2016TA05_30,
P85,G,04,P85G04,Kelowna,2016,TA,05,31,2016TA05_31,
P85,H,04,P85H04,Kelowna,2016,TA,05,32,2016TA05_32,
P85,A,05,P85A05,Kelowna,2016,TA,05,33,2016TA05_33,
P85,B,05,P85B05,Kelowna,2016,TA,05,34,2016TA05_34,
P85,C,05,P85C05,Kelowna,2016,TA,05,35,2016TA05_35,
P85,D,05,P85D05,Kelowna,2016,TA,05,36,2016TA05_36,
P85,E,05,P85E05,Kelowna,2016,TA,05,37,2016TA05_37,
P85,F,05,P85F05,Kelowna,2016,TA,05,38,2016TA05_38,
P85,G,05,P85G05,Kelowna,2016,TA,05,39,2016TA05_39,
P85,H,05,P85H05,Kelowna,2016,TA,05,40,2016TA05_40,
P85,A,06,P85A06,Kelowna,2016,TA,05,41,2016TA05_41,
P85,B,06,P85B06,Kelowna,2016,TA,05,42,2016TA05_42,
P85,C,06,P85C06,Kelowna,2016,TA,05,43,2016TA05_43,
P85,D,06,P85D06,Kelowna,2016,TA,05,44,2016TA05_44,
P85,E,06,P85E06,Kelowna,2016,TA,05,45,2016TA05_45,
P85,F,06,P85F06,Kelowna,2016,TA,05,46,2016TA05_46,
P85,G,06,P85G06,Kelowna,2016,TA,05,47,2016TA05_47,
P85,H,06,P85H06,Kelowna,2016,TA,05,48,2016TA05_48,
P85,A,07,P85A07,Kelowna,2016,TA,06,01,2016TA06_01,
P85,B,07,P85B07,Kelowna,2016,TA,06,02,2016TA06_02,
P85,C,07,P85C07,Kelowna,2016,TA,06,03,2016TA06_03,
P85,D,07,P85D07,Kelowna,2016,TA,06,04,2016TA06_04,
P85,E,07,P85E07,Kelowna,2016,TA,06,05,2016TA06_05,
P85,F,07,P85F07,Kelowna,2016,TA,06,06,2016TA06_06,
P85,G,07,P85G07,Kelowna,2016,TA,06,07,2016TA06_07,
P85,H,07,P85H07,Kelowna,2016,TA,06,08,2016TA06_08,
P85,A,08,P85A08,Kelowna,2016,TA,06,09,2016TA06_09,
P85,B,08,P85B08,Kelowna,2016,TA,06,10,2016TA06_10,
P85,C,08,P85C08,Kelowna,2016,TA,06,11,2016TA06_11,
P85,D,08,P85D08,Kelowna,2016,TA,06,12,2016TA06_12,
P85,E,08,P85E08,Kelowna,2016,TA,06,13,2016TA06_13,
P85,F,08,P85F08,Kelowna,2016,TA,06,14,2016TA06_14,
P85,G,08,P85G08,Kelowna,2016,TA,06,15,2016TA06_15,
P85,H,08,P85H08,Kelowna,2016,TA,06,16,2016TA06_16,
P85,A,09,P85A09,Kelowna,2016,TA,06,17,2016TA06_17,
P85,B,09,P85B09,Kelowna,2016,TA,06,18,2016TA06_18,
P85,C,09,P85C09,Kelowna,2016,TA,06,19,2016TA06_19,
P85,D,09,P85D09,Kelowna,2016,TA,06,20,2016TA06_20,
P85,E,09,P85E09,Kelowna,2016,TA,06,21,2016TA06_21,
P85,F,09,P85F09,Kelowna,2016,TA,06,22,2016TA06_22,
P85,G,09,P85G09,Kelowna,2016,TA,06,23,2016TA06_23,
P85,H,09,P85H09,Kelowna,2016,TA,06,24,2016TA06_24,
P85,A,10,P85A10,Kelowna,2016,TA,06,25,2016TA06_25,
P85,B,10,P85B10,Kelowna,2016,TA,06,26,2016TA06_26,
P85,C,10,P85C10,Kelowna,2016,TA,06,27,2016TA06_27,
P85,D,10,P85D10,Kelowna,2016,TA,06,28,2016TA06_28,
P85,E,10,P85E10,Kelowna,2016,TA,06,29,2016TA06_29,
P85,F,10,P85F10,Kelowna,2016,TA,06,30,2016TA06_30,
P85,G,10,P85G10,Kelowna,2016,TA,06,31,2016TA06_31,
P85,H,10,P85H10,Kelowna,2016,TA,06,32,2016TA06_32,
P85,A,11,P85A11,Kelowna,2016,TA,06,33,2016TA06_33,
P85,B,11,P85B11,Kelowna,2016,TA,06,34,2016TA06_34,
P85,C,11,P85C11,Kelowna,2016,TA,06,35,2016TA06_35,
P85,D,11,P85D11,Kelowna,2016,TA,06,36,2016TA06_36,
P85,E,11,P85E11,Kelowna,2016,TA,06,37,2016TA06_37,
P85,F,11,P85F11,Kelowna,2016,TA,06,38,2016TA06_38,
P85,G,11,P85G11,Kelowna,2016,TA,06,39,2016TA06_39,
P85,H,11,P85H11,Kelowna,2016,TA,06,40,2016TA06_40,
P85,A,12,P85A12,Kelowna,2016,TA,06,41,2016TA06_41,
P85,B,12,P85B12,Kelowna,2016,TA,06,42,2016TA06_42,
P85,C,12,P85C12,Kelowna,2016,TA,06,43,2016TA06_43,
P85,D,12,P85D12,Kelowna,2016,TA,06,44,2016TA06_44,
P85,E,12,P85E12,Kelowna,2016,TA,06,45,2016TA06_45,
P85,F,12,P85F12,Kelowna,2016,TA,06,46,2016TA06_46,
P86,A,01,P86A01,OliverOsoyoos,2016,RD,02,01,2016RD02_01,
P86,B,01,P86B01,OliverOsoyoos,2016,RD,02,02,2016RD02_02,
P86,C,01,P86C01,OliverOsoyoos,2016,RD,02,03,2016RD02_03,
P86,D,01,P86D01,OliverOsoyoos,2016,RD,02,04,2016RD02_04,
P86,E,01,P86E01,OliverOsoyoos,2016,RD,02,05,2016RD02_05,
P86,F,01,P86F01,OliverOsoyoos,2016,RD,02,06,2016RD02_06,
P86,G,01,P86G01,OliverOsoyoos,2016,RD,02,07,2016RD02_07,
P86,H,01,P86H01,OliverOsoyoos,2016,RD,02,08,2016RD02_08,
P86,A,02,P86A02,OliverOsoyoos,2016,RD,02,09,2016RD02_09,
P86,B,02,P86B02,OliverOsoyoos,2016,RD,02,10,2016RD02_10,
P86,C,02,P86C02,OliverOsoyoos,2016,RD,02,11,2016RD02_11,
P86,D,02,P86D02,OliverOsoyoos,2016,RD,02,12,2016RD02_12,
P86,E,02,P86E02,OliverOsoyoos,2016,RD,02,13,2016RD02_13,
P86,F,02,P86F02,OliverOsoyoos,2016,RD,02,14,2016RD02_14,
P86,G,02,P86G02,OliverOsoyoos,2016,RD,02,15,2016RD02_15,
P86,H,02,P86H02,OliverOsoyoos,2016,RD,02,16,2016RD02_16,
P86,A,03,P86A03,OliverOsoyoos,2016,RD,02,17,2016RD02_17,
P86,B,03,P86B03,OliverOsoyoos,2016,RD,02,18,2016RD02_18,
P86,C,03,P86C03,OliverOsoyoos,2016,RD,02,19,2016RD02_19,
P86,D,03,P86D03,OliverOsoyoos,2016,RD,02,20,2016RD02_20,
P86,E,03,P86E03,OliverOsoyoos,2016,RD,02,21,2016RD02_21,
P86,F,03,P86F03,OliverOsoyoos,2016,RD,02,22,2016RD02_22,
P86,G,03,P86G03,OliverOsoyoos,2016,RD,02,23,2016RD02_23,
P86,H,03,P86H03,OliverOsoyoos,2016,RD,02,24,2016RD02_24,
P86,A,04,P86A04,OliverOsoyoos,2016,RD,02,25,2016RD02_25,
P86,B,04,P86B04,OliverOsoyoos,2016,RD,02,26,2016RD02_26,
P86,C,04,P86C04,OliverOsoyoos,2016,RD,02,27,2016RD02_27,
P86,D,04,P86D04,OliverOsoyoos,2016,RD,02,28,2016RD02_28,
P86,E,04,P86E04,OliverOsoyoos,2016,RD,02,29,2016RD02_29,
P86,F,04,P86F04,OliverOsoyoos,2016,RD,02,30,2016RD02_30,
P86,G,04,P86G04,OliverOsoyoos,2016,RD,02,31,2016RD02_31,
P86,H,04,P86H04,OliverOsoyoos,2016,RD,02,32,2016RD02_32,
P86,A,05,P86A05,OliverOsoyoos,2016,RD,02,33,2016RD02_33,
P86,B,05,P86B05,OliverOsoyoos,2016,RD,02,34,2016RD02_34,
P86,C,05,P86C05,OliverOsoyoos,2016,RD,02,35,2016RD02_35,
P86,D,05,P86D05,OliverOsoyoos,2016,RD,02,36,2016RD02_36,
P86,E,05,P86E05,OliverOsoyoos,2016,RD,02,37,2016RD02_37,
P86,F,05,P86F05,OliverOsoyoos,2016,RD,02,38,2016RD02_38,
P86,G,05,P86G05,OliverOsoyoos,2016,RD,02,39,2016RD02_39,
P86,H,05,P86H05,OliverOsoyoos,2016,RD,02,40,2016RD02_40,
P86,A,06,P86A06,OliverOsoyoos,2016,RD,02,41,2016RD02_41,
P86,B,06,P86B06,OliverOsoyoos,2016,RD,02,42,2016RD02_42,
P86,C,06,P86C06,OliverOsoyoos,2016,RD,02,43,2016RD02_43,
P86,D,06,P86D06,OliverOsoyoos,2016,RD,02,44,2016RD02_44,
P86,E,06,P86E06,OliverOsoyoos,2016,RD,02,45,2016RD02_45,
P86,F,06,P86F06,OliverOsoyoos,2016,RD,02,46,2016RD02_46,
P86,G,06,P86G06,OliverOsoyoos,2016,RD,02,47,2016RD02_47,
P86,H,06,P86H06,OliverOsoyoos,2016,RD,02,48,2016RD02_48,
P86,A,07,P86A07,OliverOsoyoos,2016,RD,03,01,2016RD03_01,
P86,B,07,P86B07,OliverOsoyoos,2016,RD,03,02,2016RD03_02,
P86,C,07,P86C07,OliverOsoyoos,2016,RD,03,03,2016RD03_03,
P86,D,07,P86D07,OliverOsoyoos,2016,RD,03,04,2016RD03_04,
P86,E,07,P86E07,OliverOsoyoos,2016,RD,03,05,2016RD03_05,
P86,F,07,P86F07,OliverOsoyoos,2016,RD,03,06,2016RD03_06,
P86,G,07,P86G07,OliverOsoyoos,2016,RD,03,07,2016RD03_07,
P86,H,07,P86H07,OliverOsoyoos,2016,RD,03,08,2016RD03_08,
P86,A,08,P86A08,OliverOsoyoos,2016,RD,03,09,2016RD03_09,
P86,B,08,P86B08,OliverOsoyoos,2016,RD,03,10,2016RD03_10,
P86,C,08,P86C08,OliverOsoyoos,2016,RD,03,11,2016RD03_11,
P86,D,08,P86D08,OliverOsoyoos,2016,RD,03,12,2016RD03_12,
P86,E,08,P86E08,OliverOsoyoos,2016,RD,03,13,2016RD03_13,
P86,F,08,P86F08,OliverOsoyoos,2016,RD,03,14,2016RD03_14,
P86,G,08,P86G08,OliverOsoyoos,2016,RD,03,15,2016RD03_15,
P86,H,08,P86H08,OliverOsoyoos,2016,RD,03,16,2016RD03_16,
P86,A,09,P86A09,OliverOsoyoos,2016,RD,03,17,2016RD03_17,
P86,B,09,P86B09,OliverOsoyoos,2016,RD,03,18,2016RD03_18,
P86,C,09,P86C09,OliverOsoyoos,2016,RD,03,19,2016RD03_19,
P86,D,09,P86D09,OliverOsoyoos,2016,RD,03,20,2016RD03_20,
P86,E,09,P86E09,OliverOsoyoos,2016,RD,03,21,2016RD03_21,
P86,F,09,P86F09,OliverOsoyoos,2016,RD,03,22,2016RD03_22,
P86,G,09,P86G09,OliverOsoyoos,2016,RD,03,23,2016RD03_23,
P86,H,09,P86H09,OliverOsoyoos,2016,RD,03,24,2016RD03_24,
P86,A,10,P86A10,OliverOsoyoos,2016,RD,03,25,2016RD03_25,
P86,B,10,P86B10,OliverOsoyoos,2016,RD,03,26,2016RD03_26,
P86,C,10,P86C10,OliverOsoyoos,2016,RD,03,27,2016RD03_27,
P86,D,10,P86D10,OliverOsoyoos,2016,RD,03,28,2016RD03_28,
P86,E,10,P86E10,OliverOsoyoos,2016,RD,03,29,2016RD03_29,
P86,F,10,P86F10,OliverOsoyoos,2016,RD,03,30,2016RD03_30,
P86,G,10,P86G10,OliverOsoyoos,2016,RD,03,31,2016RD03_31,
P86,H,10,P86H10,OliverOsoyoos,2016,RD,03,32,2016RD03_32,
P86,A,11,P86A11,OliverOsoyoos,2016,RD,03,33,2016RD03_33,
P86,B,11,P86B11,OliverOsoyoos,2016,RD,03,34,2016RD03_34,
P86,C,11,P86C11,OliverOsoyoos,2016,RD,03,35,2016RD03_35,
P86,D,11,P86D11,OliverOsoyoos,2016,RD,03,36,2016RD03_36,
P86,E,11,P86E11,OliverOsoyoos,2016,RD,03,37,2016RD03_37,
P86,F,11,P86F11,OliverOsoyoos,2016,RD,03,38,2016RD03_38,
P86,G,11,P86G11,OliverOsoyoos,2016,RD,03,39,2016RD03_39,
P86,H,11,P86H11,OliverOsoyoos,2016,RD,03,40,2016RD03_40,
P86,A,12,P86A12,OliverOsoyoos,2016,RD,03,41,2016RD03_41,
P86,B,12,P86B12,OliverOsoyoos,2016,RD,03,42,2016RD03_42,
P86,C,12,P86C12,OliverOsoyoos,2016,RD,03,43,2016RD03_43,
P86,D,12,P86D12,OliverOsoyoos,2016,RD,03,44,2016RD03_44,
P86,E,12,P86E12,OliverOsoyoos,2016,RD,03,45,2016RD03_45,
P86,F,12,P86F12,OliverOsoyoos,2016,RD,03,46,2016RD03_46,
P87,A,01,P87A01,OliverOsoyoos,2016,RD,04,01,2016RD04_01,
P87,B,01,P87B01,OliverOsoyoos,2016,RD,04,02,2016RD04_02,
P87,C,01,P87C01,OliverOsoyoos,2016,RD,04,03,2016RD04_03,
P87,D,01,P87D01,OliverOsoyoos,2016,RD,04,04,2016RD04_04,
P87,E,01,P87E01,OliverOsoyoos,2016,RD,04,05,2016RD04_05,
P87,F,01,P87F01,OliverOsoyoos,2016,RD,04,06,2016RD04_06,
P87,G,01,P87G01,OliverOsoyoos,2016,RD,04,07,2016RD04_07,
P87,H,01,P87H01,OliverOsoyoos,2016,RD,04,08,2016RD04_08,
P87,A,02,P87A02,OliverOsoyoos,2016,RD,04,09,2016RD04_09,
P87,B,02,P87B02,OliverOsoyoos,2016,RD,04,10,2016RD04_10,
P87,C,02,P87C02,OliverOsoyoos,2016,RD,04,11,2016RD04_11,
P87,D,02,P87D02,OliverOsoyoos,2016,RD,04,12,2016RD04_12,
P87,E,02,P87E02,OliverOsoyoos,2016,RD,04,13,2016RD04_13,
P87,F,02,P87F02,OliverOsoyoos,2016,RD,04,14,2016RD04_14,
P87,G,02,P87G02,OliverOsoyoos,2016,RD,04,15,2016RD04_15,
P87,H,02,P87H02,OliverOsoyoos,2016,RD,04,16,2016RD04_16,
P87,A,03,P87A03,OliverOsoyoos,2016,RD,04,17,2016RD04_17,
P87,B,03,P87B03,OliverOsoyoos,2016,RD,04,18,2016RD04_18,
P87,C,03,P87C03,OliverOsoyoos,2016,RD,04,19,2016RD04_19,
P87,D,03,P87D03,OliverOsoyoos,2016,RD,04,20,2016RD04_20,
P87,E,03,P87E03,OliverOsoyoos,2016,RD,04,21,2016RD04_21,
P87,F,03,P87F03,OliverOsoyoos,2016,RD,04,22,2016RD04_22,
P87,G,03,P87G03,OliverOsoyoos,2016,RD,04,23,2016RD04_23,
P87,H,03,P87H03,OliverOsoyoos,2016,RD,04,24,2016RD04_24,
P87,A,04,P87A04,OliverOsoyoos,2016,RD,04,25,2016RD04_25,
P87,B,04,P87B04,OliverOsoyoos,2016,RD,04,26,2016RD04_26,
P87,C,04,P87C04,OliverOsoyoos,2016,RD,04,27,2016RD04_27,
P87,D,04,P87D04,OliverOsoyoos,2016,RD,04,28,2016RD04_28,
P87,E,04,P87E04,OliverOsoyoos,2016,RD,04,29,2016RD04_29,
P87,F,04,P87F04,OliverOsoyoos,2016,RD,04,30,2016RD04_30,
P87,G,04,P87G04,OliverOsoyoos,2016,RD,04,31,2016RD04_31,
P87,H,04,P87H04,OliverOsoyoos,2016,RD,04,32,2016RD04_32,
P87,A,05,P87A05,OliverOsoyoos,2016,RD,04,33,2016RD04_33,
P87,B,05,P87B05,OliverOsoyoos,2016,RD,04,34,2016RD04_34,
P87,C,05,P87C05,OliverOsoyoos,2016,RD,04,35,2016RD04_35,
P87,D,05,P87D05,OliverOsoyoos,2016,RD,04,36,2016RD04_36,
P87,E,05,P87E05,OliverOsoyoos,2016,RD,04,37,2016RD04_37,
P87,F,05,P87F05,OliverOsoyoos,2016,RD,04,38,2016RD04_38,
P87,G,05,P87G05,OliverOsoyoos,2016,RD,04,39,2016RD04_39,
P87,H,05,P87H05,OliverOsoyoos,2016,RD,04,40,2016RD04_40,
P87,A,06,P87A06,OliverOsoyoos,2016,RD,04,41,2016RD04_41,
P87,B,06,P87B06,OliverOsoyoos,2016,RD,04,42,2016RD04_42,
P87,C,06,P87C06,OliverOsoyoos,2016,RD,04,43,2016RD04_43,
P87,D,06,P87D06,OliverOsoyoos,2016,RD,04,44,2016RD04_44,
P87,E,06,P87E06,OliverOsoyoos,2016,RD,04,45,2016RD04_45,
P87,F,06,P87F06,OliverOsoyoos,2016,RD,04,46,2016RD04_46,
P87,G,06,P87G06,OliverOsoyoos,2016,RD,04,47,2016RD04_47,
P87,H,06,P87H06,OliverOsoyoos,2016,RD,04,48,2016RD04_48,
P87,A,07,P87A07,OliverOsoyoos,2016,RD,05,01,2016RD05_01,
P87,B,07,P87B07,OliverOsoyoos,2016,RD,05,02,2016RD05_02,
P87,C,07,P87C07,OliverOsoyoos,2016,RD,05,03,2016RD05_03,
P87,D,07,P87D07,OliverOsoyoos,2016,RD,05,04,2016RD05_04,
P87,E,07,P87E07,OliverOsoyoos,2016,RD,05,05,2016RD05_05,
P87,F,07,P87F07,OliverOsoyoos,2016,RD,05,06,2016RD05_06,
P87,G,07,P87G07,OliverOsoyoos,2016,RD,05,07,2016RD05_07,
P87,H,07,P87H07,OliverOsoyoos,2016,RD,05,08,2016RD05_08,
P87,A,08,P87A08,OliverOsoyoos,2016,RD,05,09,2016RD05_09,
P87,B,08,P87B08,OliverOsoyoos,2016,RD,05,10,2016RD05_10,
P87,C,08,P87C08,OliverOsoyoos,2016,RD,05,11,2016RD05_11,
P87,D,08,P87D08,OliverOsoyoos,2016,RD,05,12,2016RD05_12,
P87,E,08,P87E08,OliverOsoyoos,2016,RD,05,13,2016RD05_13,
P87,F,08,P87F08,OliverOsoyoos,2016,RD,05,14,2016RD05_14,
P87,G,08,P87G08,OliverOsoyoos,2016,RD,05,15,2016RD05_15,
P87,H,08,P87H08,OliverOsoyoos,2016,RD,05,16,2016RD05_16,
P87,A,09,P87A09,OliverOsoyoos,2016,RD,05,17,2016RD05_17,
P87,B,09,P87B09,OliverOsoyoos,2016,RD,05,18,2016RD05_18,
P87,C,09,P87C09,OliverOsoyoos,2016,RD,05,19,2016RD05_19,
P87,D,09,P87D09,OliverOsoyoos,2016,RD,05,20,2016RD05_20,
P87,E,09,P87E09,OliverOsoyoos,2016,RD,05,21,2016RD05_21,
P87,F,09,P87F09,OliverOsoyoos,2016,RD,05,22,2016RD05_22,
P87,G,09,P87G09,OliverOsoyoos,2016,RD,05,23,2016RD05_23,
P87,H,09,P87H09,OliverOsoyoos,2016,RD,05,24,2016RD05_24,
P87,A,10,P87A10,OliverOsoyoos,2016,RD,05,25,2016RD05_25,
P87,B,10,P87B10,OliverOsoyoos,2016,RD,05,26,2016RD05_26,
P87,C,10,P87C10,OliverOsoyoos,2016,RD,05,27,2016RD05_27,
P87,D,10,P87D10,OliverOsoyoos,2016,RD,05,28,2016RD05_28,
P87,E,10,P87E10,OliverOsoyoos,2016,RD,05,29,2016RD05_29,
P87,F,10,P87F10,OliverOsoyoos,2016,RD,05,30,2016RD05_30,
P87,G,10,P87G10,OliverOsoyoos,2016,RD,05,31,2016RD05_31,
P87,H,10,P87H10,OliverOsoyoos,2016,RD,05,32,2016RD05_32,
P87,A,11,P87A11,OliverOsoyoos,2016,RD,05,33,2016RD05_33,
P87,B,11,P87B11,OliverOsoyoos,2016,RD,05,34,2016RD05_34,
P87,C,11,P87C11,OliverOsoyoos,2016,RD,05,35,2016RD05_35,
P87,D,11,P87D11,OliverOsoyoos,2016,RD,05,36,2016RD05_36,
P87,E,11,P87E11,OliverOsoyoos,2016,RD,05,37,2016RD05_37,
P87,F,11,P87F11,OliverOsoyoos,2016,RD,05,38,2016RD05_38,
P87,G,11,P87G11,OliverOsoyoos,2016,RD,05,39,2016RD05_39,
P87,H,11,P87H11,OliverOsoyoos,2016,RD,05,40,2016RD05_40,
P87,A,12,P87A12,OliverOsoyoos,2016,RD,05,41,2016RD05_41,
P87,B,12,P87B12,OliverOsoyoos,2016,RD,05,42,2016RD05_42,
P87,C,12,P87C12,OliverOsoyoos,2016,RD,05,43,2016RD05_43,
P87,D,12,P87D12,OliverOsoyoos,2016,RD,05,44,2016RD05_44,
P87,E,12,P87E12,OliverOsoyoos,2016,RD,05,45,2016RD05_45,
P87,F,12,P87F12,OliverOsoyoos,2016,RD,05,46,2016RD05_46,
P88,A,01,P88A01,Kelowna,2016,PNC,01,01,2016PNC01_01,
P88,B,01,P88B01,Kelowna,2016,PNC,01,02,2016PNC01_02,
P88,C,01,P88C01,Kelowna,2016,PNC,01,03,2016PNC01_03,
P88,D,01,P88D01,Kelowna,2016,PNC,01,04,2016PNC01_04,
P88,E,01,P88E01,Kelowna,2016,PNC,01,05,2016PNC01_05,
P88,F,01,P88F01,Kelowna,2016,PNC,01,06,2016PNC01_06,
P88,G,01,P88G01,Kelowna,2016,PNC,01,07,2016PNC01_07,
P88,H,01,P88H01,Kelowna,2016,PNC,01,08,2016PNC01_08,
P88,A,02,P88A02,Kelowna,2016,PNC,01,09,2016PNC01_09,
P88,B,02,P88B02,Kelowna,2016,PNC,01,10,2016PNC01_10,
P88,C,02,P88C02,Kelowna,2016,PNC,01,11,2016PNC01_11,
P88,D,02,P88D02,Kelowna,2016,PNC,01,12,2016PNC01_12,
P88,E,02,P88E02,Kelowna,2016,PNC,01,13,2016PNC01_13,
P88,F,02,P88F02,Kelowna,2016,PNC,01,14,2016PNC01_14,
P88,G,02,P88G02,Kelowna,2016,PNC,01,15,2016PNC01_15,
P88,H,02,P88H02,Kelowna,2016,PNC,01,16,2016PNC01_16,
P88,A,03,P88A03,Kelowna,2016,PNC,01,17,2016PNC01_17,
P88,B,03,P88B03,Kelowna,2016,PNC,01,18,2016PNC01_18,
P88,C,03,P88C03,Kelowna,2016,PNC,01,19,2016PNC01_19,
P88,D,03,P88D03,Kelowna,2016,PNC,01,20,2016PNC01_20,
P88,E,03,P88E03,Kelowna,2016,PNC,01,21,2016PNC01_21,
P88,F,03,P88F03,Kelowna,2016,PNC,01,22,2016PNC01_22,
P88,G,03,P88G03,Kelowna,2016,PNC,01,23,2016PNC01_23,
P88,H,03,P88H03,Kelowna,2016,PNC,01,24,2016PNC01_24,
P88,A,04,P88A04,Kelowna,2016,PNC,01,25,2016PNC01_25,
P88,B,04,P88B04,Kelowna,2016,PNC,01,26,2016PNC01_26,
P88,C,04,P88C04,Kelowna,2016,PNC,01,27,2016PNC01_27,
P88,D,04,P88D04,Kelowna,2016,PNC,01,28,2016PNC01_28,
P88,E,04,P88E04,Kelowna,2016,PNC,01,29,2016PNC01_29,
P88,F,04,P88F04,Kelowna,2016,PNC,01,30,2016PNC01_30,
P88,G,04,P88G04,Kelowna,2016,PNC,01,31,2016PNC01_31,
P88,H,04,P88H04,Kelowna,2016,PNC,01,32,2016PNC01_32,
P88,A,05,P88A05,Kelowna,2016,PNC,01,33,2016PNC01_33,
P88,B,05,P88B05,Kelowna,2016,PNC,01,34,2016PNC01_34,
P88,C,05,P88C05,Kelowna,2016,PNC,01,35,2016PNC01_35,
P88,D,05,P88D05,Kelowna,2016,PNC,01,36,2016PNC01_36,
P88,E,05,P88E05,Kelowna,2016,PNC,01,37,2016PNC01_37,
P88,F,05,P88F05,Kelowna,2016,PNC,01,38,2016PNC01_38,
P88,G,05,P88G05,Kelowna,2016,PNC,01,39,2016PNC01_39,
P88,H,05,P88H05,Kelowna,2016,PNC,01,40,2016PNC01_40,
P88,A,06,P88A06,Kelowna,2016,PNC,01,41,2016PNC01_41,
P88,B,06,P88B06,Kelowna,2016,PNC,01,42,2016PNC01_42,
P88,C,06,P88C06,Kelowna,2016,PNC,01,43,2016PNC01_43,
P88,D,06,P88D06,Kelowna,2016,PNC,01,44,2016PNC01_44,
P88,E,06,P88E06,Kelowna,2016,PNC,01,45,2016PNC01_45,
P88,F,06,P88F06,Kelowna,2016,PNC,01,46,2016PNC01_46,
P88,G,06,P88G06,Kelowna,2016,PNC,01,47,2016PNC01_47,
P88,H,06,P88H06,Kelowna,2016,PNC,01,48,2016PNC01_48,
P88,A,07,P88A07,Kelowna,2016,PNC,02,01,2016PNC02_01,
P88,B,07,P88B07,Kelowna,2016,PNC,02,02,2016PNC02_02,
P88,C,07,P88C07,Kelowna,2016,PNC,02,03,2016PNC02_03,
P88,D,07,P88D07,Kelowna,2016,PNC,02,04,2016PNC02_04,
P88,E,07,P88E07,Kelowna,2016,PNC,02,05,2016PNC02_05,
P88,F,07,P88F07,Kelowna,2016,PNC,02,06,2016PNC02_06,
P88,G,07,P88G07,Kelowna,2016,PNC,02,07,2016PNC02_07,
P88,H,07,P88H07,Kelowna,2016,PNC,02,08,2016PNC02_08,
P88,A,08,P88A08,Kelowna,2016,PNC,02,09,2016PNC02_09,
P88,B,08,P88B08,Kelowna,2016,PNC,02,10,2016PNC02_10,
P88,C,08,P88C08,Kelowna,2016,PNC,02,11,2016PNC02_11,
P88,D,08,P88D08,Kelowna,2016,PNC,02,12,2016PNC02_12,
P88,E,08,P88E08,Kelowna,2016,PNC,02,13,2016PNC02_13,
P88,F,08,P88F08,Kelowna,2016,PNC,02,14,2016PNC02_14,
P88,G,08,P88G08,Kelowna,2016,PNC,02,15,2016PNC02_15,
P88,H,08,P88H08,Kelowna,2016,PNC,02,16,2016PNC02_16,
P88,A,09,P88A09,Kelowna,2016,PNC,02,17,2016PNC02_17,
P88,B,09,P88B09,Kelowna,2016,PNC,02,18,2016PNC02_18,
P88,C,09,P88C09,Kelowna,2016,PNC,02,19,2016PNC02_19,
P88,D,09,P88D09,Kelowna,2016,PNC,02,20,2016PNC02_20,
P88,E,09,P88E09,Kelowna,2016,PNC,02,21,2016PNC02_21,
P88,F,09,P88F09,Kelowna,2016,PNC,02,22,2016PNC02_22,
P88,G,09,P88G09,Kelowna,2016,PNC,02,23,2016PNC02_23,
P88,H,09,P88H09,Kelowna,2016,PNC,02,24,2016PNC02_24,
P88,A,10,P88A10,Kelowna,2016,PNC,02,25,2016PNC02_25,
P88,B,10,P88B10,Kelowna,2016,PNC,02,26,2016PNC02_26,
P88,C,10,P88C10,Kelowna,2016,PNC,02,27,2016PNC02_27,
P88,D,10,P88D10,Kelowna,2016,PNC,02,28,2016PNC02_28,
P88,E,10,P88E10,Kelowna,2016,PNC,02,29,2016PNC02_29,
P88,F,10,P88F10,Kelowna,2016,PNC,02,30,2016PNC02_30,
P88,G,10,P88G10,Kelowna,2016,PNC,02,31,2016PNC02_31,
P88,H,10,P88H10,Kelowna,2016,PNC,02,32,2016PNC02_32,
P88,A,11,P88A11,Kelowna,2016,PNC,02,33,2016PNC02_33,
P88,B,11,P88B11,Kelowna,2016,PNC,02,34,2016PNC02_34,
P88,C,11,P88C11,Kelowna,2016,PNC,02,35,2016PNC02_35,
P88,D,11,P88D11,Kelowna,2016,PNC,02,36,2016PNC02_36,
P88,E,11,P88E11,Kelowna,2016,PNC,02,37,2016PNC02_37,
P88,F,11,P88F11,Kelowna,2016,PNC,02,38,2016PNC02_38,
P88,G,11,P88G11,Kelowna,2016,PNC,02,39,2016PNC02_39,
P88,H,11,P88H11,Kelowna,2016,PNC,02,40,2016PNC02_40,
P88,A,12,P88A12,Kelowna,2016,PNC,02,41,2016PNC02_41,
P88,B,12,P88B12,Kelowna,2016,PNC,02,42,2016PNC02_42,
P88,C,12,P88C12,Kelowna,2016,PNC,02,43,2016PNC02_43,
P88,D,12,P88D12,Kelowna,2016,PNC,02,44,2016PNC02_44,
P88,E,12,P88E12,Kelowna,2016,PNC,02,45,2016PNC02_45,
P88,F,12,P88F12,Kelowna,2016,PNC,02,46,2016PNC02_46,
P89,A,01,P89A01,Kelowna,2016,PNC,04,01,2016PNC04_01,
P89,B,01,P89B01,Kelowna,2016,PNC,04,02,2016PNC04_02,
P89,C,01,P89C01,Kelowna,2016,PNC,04,03,2016PNC04_03,
P89,D,01,P89D01,Kelowna,2016,PNC,04,04,2016PNC04_04,
P89,E,01,P89E01,Kelowna,2016,PNC,04,05,2016PNC04_05,
P89,F,01,P89F01,Kelowna,2016,PNC,04,06,2016PNC04_06,
P89,G,01,P89G01,Kelowna,2016,PNC,04,07,2016PNC04_07,
P89,H,01,P89H01,Kelowna,2016,PNC,04,08,2016PNC04_08,
P89,A,02,P89A02,Kelowna,2016,PNC,04,09,2016PNC04_09,
P89,B,02,P89B02,Kelowna,2016,PNC,04,10,2016PNC04_10,
P89,C,02,P89C02,Kelowna,2016,PNC,04,11,2016PNC04_11,
P89,D,02,P89D02,Kelowna,2016,PNC,04,12,2016PNC04_12,
P89,E,02,P89E02,Kelowna,2016,PNC,04,13,2016PNC04_13,
P89,F,02,P89F02,Kelowna,2016,PNC,04,14,2016PNC04_14,
P89,G,02,P89G02,Kelowna,2016,PNC,04,15,2016PNC04_15,
P89,H,02,P89H02,Kelowna,2016,PNC,04,16,2016PNC04_16,
P89,A,03,P89A03,Kelowna,2016,PNC,04,17,2016PNC04_17,
P89,B,03,P89B03,Kelowna,2016,PNC,04,18,2016PNC04_18,
P89,C,03,P89C03,Kelowna,2016,PNC,04,19,2016PNC04_19,
P89,D,03,P89D03,Kelowna,2016,PNC,04,20,2016PNC04_20,
P89,E,03,P89E03,Kelowna,2016,PNC,04,21,2016PNC04_21,
P89,F,03,P89F03,Kelowna,2016,PNC,04,22,2016PNC04_22,
P89,G,03,P89G03,Kelowna,2016,PNC,04,23,2016PNC04_23,
P89,H,03,P89H03,Kelowna,2016,PNC,04,24,2016PNC04_24,
P89,A,04,P89A04,Kelowna,2016,PNC,04,25,2016PNC04_25,
P89,B,04,P89B04,Kelowna,2016,PNC,04,26,2016PNC04_26,
P89,C,04,P89C04,Kelowna,2016,PNC,04,27,2016PNC04_27,
P89,D,04,P89D04,Kelowna,2016,PNC,04,28,2016PNC04_28,
P89,E,04,P89E04,Kelowna,2016,PNC,04,29,2016PNC04_29,
P89,F,04,P89F04,Kelowna,2016,PNC,04,30,2016PNC04_30,
P89,G,04,P89G04,Kelowna,2016,PNC,04,31,2016PNC04_31,
P89,H,04,P89H04,Kelowna,2016,PNC,04,32,2016PNC04_32,
P89,A,05,P89A05,Kelowna,2016,PNC,04,33,2016PNC04_33,
P89,B,05,P89B05,Kelowna,2016,PNC,04,34,2016PNC04_34,
P89,C,05,P89C05,Kelowna,2016,PNC,04,35,2016PNC04_35,
P89,D,05,P89D05,Kelowna,2016,PNC,04,36,2016PNC04_36,
P89,E,05,P89E05,Kelowna,2016,PNC,04,37,2016PNC04_37,
P89,F,05,P89F05,Kelowna,2016,PNC,04,38,2016PNC04_38,
P89,G,05,P89G05,Kelowna,2016,PNC,04,39,2016PNC04_39,
P89,H,05,P89H05,Kelowna,2016,PNC,04,40,2016PNC04_40,
P89,A,06,P89A06,Kelowna,2016,PNC,04,41,2016PNC04_41,
P89,B,06,P89B06,Kelowna,2016,PNC,04,42,2016PNC04_42,
P89,C,06,P89C06,Kelowna,2016,PNC,04,43,2016PNC04_43,
P89,D,06,P89D06,Kelowna,2016,PNC,04,44,2016PNC04_44,
P89,E,06,P89E06,Kelowna,2016,PNC,04,45,2016PNC04_45,
P89,F,06,P89F06,Kelowna,2016,PNC,04,46,2016PNC04_46,
P89,G,06,P89G06,Kelowna,2016,PNC,04,47,2016PNC04_47,
P89,H,06,P89H06,Kelowna,2016,PNC,04,48,2016PNC04_48,
P89,A,07,P89A07,Kelowna,2016,PNC,05,01,2016PNC05_01,
P89,B,07,P89B07,Kelowna,2016,PNC,05,02,2016PNC05_02,
P89,C,07,P89C07,Kelowna,2016,PNC,05,03,2016PNC05_03,
P89,D,07,P89D07,Kelowna,2016,PNC,05,04,2016PNC05_04,
P89,E,07,P89E07,Kelowna,2016,PNC,05,05,2016PNC05_05,
P89,F,07,P89F07,Kelowna,2016,PNC,05,06,2016PNC05_06,
P89,G,07,P89G07,Kelowna,2016,PNC,05,07,2016PNC05_07,
P89,H,07,P89H07,Kelowna,2016,PNC,05,08,2016PNC05_08,
P89,A,08,P89A08,Kelowna,2016,PNC,05,09,2016PNC05_09,
P89,B,08,P89B08,Kelowna,2016,PNC,05,10,2016PNC05_10,
P89,C,08,P89C08,Kelowna,2016,PNC,05,11,2016PNC05_11,
P89,D,08,P89D08,Kelowna,2016,PNC,05,12,2016PNC05_12,
P89,E,08,P89E08,Kelowna,2016,PNC,05,13,2016PNC05_13,
P89,F,08,P89F08,Kelowna,2016,PNC,05,14,2016PNC05_14,
P89,G,08,P89G08,Kelowna,2016,PNC,05,15,2016PNC05_15,
P89,H,08,P89H08,Kelowna,2016,PNC,05,16,2016PNC05_16,
P89,A,09,P89A09,Kelowna,2016,PNC,05,17,2016PNC05_17,
P89,B,09,P89B09,Kelowna,2016,PNC,05,18,2016PNC05_18,
P89,C,09,P89C09,Kelowna,2016,PNC,05,19,2016PNC05_19,
P89,D,09,P89D09,Kelowna,2016,PNC,05,20,2016PNC05_20,
P89,E,09,P89E09,Kelowna,2016,PNC,05,21,2016PNC05_21,
P89,F,09,P89F09,Kelowna,2016,PNC,05,22,2016PNC05_22,
P89,G,09,P89G09,Kelowna,2016,PNC,05,23,2016PNC05_23,
P89,H,09,P89H09,Kelowna,2016,PNC,05,24,2016PNC05_24,
P89,A,10,P89A10,Kelowna,2016,PNC,05,25,2016PNC05_25,
P89,B,10,P89B10,Kelowna,2016,PNC,05,26,2016PNC05_26,
P89,C,10,P89C10,Kelowna,2016,PNC,05,27,2016PNC05_27,
P89,D,10,P89D10,Kelowna,2016,PNC,05,28,2016PNC05_28,
P89,E,10,P89E10,Kelowna,2016,PNC,05,29,2016PNC05_29,
P89,F,10,P89F10,Kelowna,2016,PNC,05,30,2016PNC05_30,
P89,G,10,P89G10,Kelowna,2016,PNC,05,31,2016PNC05_31,
P89,H,10,P89H10,Kelowna,2016,PNC,05,32,2016PNC05_32,
P89,A,11,P89A11,Kelowna,2016,PNC,05,33,2016PNC05_33,
P89,B,11,P89B11,Kelowna,2016,PNC,05,34,2016PNC05_34,
P89,C,11,P89C11,Kelowna,2016,PNC,05,35,2016PNC05_35,
P89,D,11,P89D11,Kelowna,2016,PNC,05,36,2016PNC05_36,
P89,E,11,P89E11,Kelowna,2016,PNC,05,37,2016PNC05_37,
P89,F,11,P89F11,Kelowna,2016,PNC,05,38,2016PNC05_38,
P89,G,11,P89G11,Kelowna,2016,PNC,05,39,2016PNC05_39,
P89,H,11,P89H11,Kelowna,2016,PNC,05,40,2016PNC05_40,
P89,A,12,P89A12,Kelowna,2016,PNC,05,41,2016PNC05_41,
P89,B,12,P89B12,Kelowna,2016,PNC,05,42,2016PNC05_42,
P89,C,12,P89C12,Kelowna,2016,PNC,05,43,2016PNC05_43,
P89,D,12,P89D12,Kelowna,2016,PNC,05,44,2016PNC05_44,
P89,E,12,P89E12,Kelowna,2016,PNC,05,45,2016PNC05_45,
P89,F,12,P89F12,Kelowna,2016,PNC,05,46,2016PNC05_46,
P90,A,01,P90A01,Kelowna,2016,CC,01,01,2016CC01_01,
P90,B,01,P90B01,Kelowna,2016,CC,01,02,2016CC01_02,
P90,C,01,P90C01,Kelowna,2016,CC,01,03,2016CC01_03,
P90,D,01,P90D01,Kelowna,2016,CC,01,04,2016CC01_04,
P90,E,01,P90E01,Kelowna,2016,CC,01,05,2016CC01_05,
P90,F,01,P90F01,Kelowna,2016,CC,01,06,2016CC01_06,
P90,G,01,P90G01,Kelowna,2016,CC,01,07,2016CC01_07,
P90,H,01,P90H01,Kelowna,2016,CC,01,08,2016CC01_08,
P90,A,02,P90A02,Kelowna,2016,CC,01,09,2016CC01_09,
P90,B,02,P90B02,Kelowna,2016,CC,01,10,2016CC01_10,
P90,C,02,P90C02,Kelowna,2016,CC,01,11,2016CC01_11,
P90,D,02,P90D02,Kelowna,2016,CC,01,12,2016CC01_12,
P90,E,02,P90E02,Kelowna,2016,CC,01,13,2016CC01_13,
P90,F,02,P90F02,Kelowna,2016,CC,01,14,2016CC01_14,
P90,G,02,P90G02,Kelowna,2016,CC,01,15,2016CC01_15,
P90,H,02,P90H02,Kelowna,2016,CC,01,16,2016CC01_16,
P90,A,03,P90A03,Kelowna,2016,CC,01,17,2016CC01_17,
P90,B,03,P90B03,Kelowna,2016,CC,01,18,2016CC01_18,
P90,C,03,P90C03,Kelowna,2016,CC,01,19,2016CC01_19,
P90,D,03,P90D03,Kelowna,2016,CC,01,20,2016CC01_20,
P90,E,03,P90E03,Kelowna,2016,CC,01,21,2016CC01_21,
P90,F,03,P90F03,Kelowna,2016,CC,01,22,2016CC01_22,
P90,G,03,P90G03,Kelowna,2016,CC,01,23,2016CC01_23,
P90,H,03,P90H03,Kelowna,2016,CC,01,24,2016CC01_24,
P90,A,04,P90A04,Kelowna,2016,CC,01,25,2016CC01_25,
P90,B,04,P90B04,Kelowna,2016,CC,01,26,2016CC01_26,
P90,C,04,P90C04,Kelowna,2016,CC,01,27,2016CC01_27,
P90,D,04,P90D04,Kelowna,2016,CC,01,28,2016CC01_28,
P90,E,04,P90E04,Kelowna,2016,CC,01,29,2016CC01_29,
P90,F,04,P90F04,Kelowna,2016,CC,01,30,2016CC01_30,
P90,G,04,P90G04,Kelowna,2016,CC,01,31,2016CC01_31,
P90,H,04,P90H04,Kelowna,2016,CC,01,32,2016CC01_32,
P90,A,05,P90A05,Kelowna,2016,CC,01,33,2016CC01_33,
P90,B,05,P90B05,Kelowna,2016,CC,01,34,2016CC01_34,
P90,C,05,P90C05,Kelowna,2016,CC,01,35,2016CC01_35,
P90,D,05,P90D05,Kelowna,2016,CC,01,36,2016CC01_36,
P90,E,05,P90E05,Kelowna,2016,CC,01,37,2016CC01_37,
P90,F,05,P90F05,Kelowna,2016,CC,01,38,2016CC01_38,
P90,G,05,P90G05,Kelowna,2016,CC,01,39,2016CC01_39,
P90,H,05,P90H05,Kelowna,2016,CC,01,40,2016CC01_40,
P90,A,06,P90A06,Kelowna,2016,CC,01,41,2016CC01_41,
P90,B,06,P90B06,Kelowna,2016,CC,01,42,2016CC01_42,
P90,C,06,P90C06,Kelowna,2016,CC,01,43,2016CC01_43,
P90,D,06,P90D06,Kelowna,2016,CC,01,44,2016CC01_44,
P90,E,06,P90E06,Kelowna,2016,CC,01,45,2016CC01_45,
P90,F,06,P90F06,Kelowna,2016,CC,01,46,2016CC01_46,
P90,G,06,P90G06,Kelowna,2016,CC,01,47,2016CC01_47,
P90,H,06,P90H06,Kelowna,2016,CC,01,48,2016CC01_48,
P90,A,07,P90A07,Kelowna,2016,CC,02,01,2016CC02_01,
P90,B,07,P90B07,Kelowna,2016,CC,02,02,2016CC02_02,
P90,C,07,P90C07,Kelowna,2016,CC,02,03,2016CC02_03,
P90,D,07,P90D07,Kelowna,2016,CC,02,04,2016CC02_04,
P90,E,07,P90E07,Kelowna,2016,CC,02,05,2016CC02_05,
P90,F,07,P90F07,Kelowna,2016,CC,02,06,2016CC02_06,
P90,G,07,P90G07,Kelowna,2016,CC,02,07,2016CC02_07,
P90,H,07,P90H07,Kelowna,2016,CC,02,08,2016CC02_08,
P90,A,08,P90A08,Kelowna,2016,CC,02,09,2016CC02_09,
P90,B,08,P90B08,Kelowna,2016,CC,02,10,2016CC02_10,
P90,C,08,P90C08,Kelowna,2016,CC,02,11,2016CC02_11,
P90,D,08,P90D08,Kelowna,2016,CC,02,12,2016CC02_12,
P90,E,08,P90E08,Kelowna,2016,CC,02,13,2016CC02_13,
P90,F,08,P90F08,Kelowna,2016,CC,02,14,2016CC02_14,
P90,G,08,P90G08,Kelowna,2016,CC,02,15,2016CC02_15,
P90,H,08,P90H08,Kelowna,2016,CC,02,16,2016CC02_16,
P90,A,09,P90A09,Kelowna,2016,CC,02,17,2016CC02_17,
P90,B,09,P90B09,Kelowna,2016,CC,02,18,2016CC02_18,
P90,C,09,P90C09,Kelowna,2016,CC,02,19,2016CC02_19,
P90,D,09,P90D09,Kelowna,2016,CC,02,20,2016CC02_20,
P90,E,09,P90E09,Kelowna,2016,CC,02,21,2016CC02_21,
P90,F,09,P90F09,Kelowna,2016,CC,02,22,2016CC02_22,
P90,G,09,P90G09,Kelowna,2016,CC,02,23,2016CC02_23,
P90,H,09,P90H09,Kelowna,2016,CC,02,24,2016CC02_24,
P90,A,10,P90A10,Kelowna,2016,CC,02,25,2016CC02_25,
P90,B,10,P90B10,Kelowna,2016,CC,02,26,2016CC02_26,
P90,C,10,P90C10,Kelowna,2016,CC,02,27,2016CC02_27,
P90,D,10,P90D10,Kelowna,2016,CC,02,28,2016CC02_28,
P90,E,10,P90E10,Kelowna,2016,CC,02,29,2016CC02_29,
P90,F,10,P90F10,Kelowna,2016,CC,02,30,2016CC02_30,
P90,G,10,P90G10,Kelowna,2016,CC,02,31,2016CC02_31,
P90,H,10,P90H10,Kelowna,2016,CC,02,32,2016CC02_32,
P90,A,11,P90A11,Kelowna,2016,CC,02,33,2016CC02_33,
P90,B,11,P90B11,Kelowna,2016,CC,02,34,2016CC02_34,
P90,C,11,P90C11,Kelowna,2016,CC,02,35,2016CC02_35,
P90,D,11,P90D11,Kelowna,2016,CC,02,36,2016CC02_36,
P90,E,11,P90E11,Kelowna,2016,CC,02,37,2016CC02_37,
P90,F,11,P90F11,Kelowna,2016,CC,02,38,2016CC02_38,
P90,G,11,P90G11,Kelowna,2016,CC,02,39,2016CC02_39,
P90,H,11,P90H11,Kelowna,2016,CC,02,40,2016CC02_40,
P90,A,12,P90A12,Kelowna,2016,CC,02,41,2016CC02_41,
P90,B,12,P90B12,Kelowna,2016,CC,02,42,2016CC02_42,
P90,C,12,P90C12,Kelowna,2016,CC,02,43,2016CC02_43,
P90,D,12,P90D12,Kelowna,2016,CC,02,44,2016CC02_44,
P90,E,12,P90E12,Kelowna,2016,CC,02,45,2016CC02_45,
P90,F,12,P90F12,Kelowna,2016,CC,02,46,2016CC02_46,
P91,A,01,P91A01,Kelowna,2016,CC,03,01,2016CC03_01,
P91,B,01,P91B01,Kelowna,2016,CC,03,02,2016CC03_02,
P91,C,01,P91C01,Kelowna,2016,CC,03,03,2016CC03_03,
P91,D,01,P91D01,Kelowna,2016,CC,03,04,2016CC03_04,
P91,E,01,P91E01,Kelowna,2016,CC,03,05,2016CC03_05,
P91,F,01,P91F01,Kelowna,2016,CC,03,06,2016CC03_06,
P91,G,01,P91G01,Kelowna,2016,CC,03,07,2016CC03_07,
P91,H,01,P91H01,Kelowna,2016,CC,03,08,2016CC03_08,
P91,A,02,P91A02,Kelowna,2016,CC,03,09,2016CC03_09,
P91,B,02,P91B02,Kelowna,2016,CC,03,10,2016CC03_10,
P91,C,02,P91C02,Kelowna,2016,CC,03,11,2016CC03_11,
P91,D,02,P91D02,Kelowna,2016,CC,03,12,2016CC03_12,
P91,E,02,P91E02,Kelowna,2016,CC,03,13,2016CC03_13,
P91,F,02,P91F02,Kelowna,2016,CC,03,14,2016CC03_14,
P91,G,02,P91G02,Kelowna,2016,CC,03,15,2016CC03_15,
P91,H,02,P91H02,Kelowna,2016,CC,03,16,2016CC03_16,
P91,A,03,P91A03,Kelowna,2016,CC,03,17,2016CC03_17,
P91,B,03,P91B03,Kelowna,2016,CC,03,18,2016CC03_18,
P91,C,03,P91C03,Kelowna,2016,CC,03,19,2016CC03_19,
P91,D,03,P91D03,Kelowna,2016,CC,03,20,2016CC03_20,
P91,E,03,P91E03,Kelowna,2016,CC,03,21,2016CC03_21,
P91,F,03,P91F03,Kelowna,2016,CC,03,22,2016CC03_22,
P91,G,03,P91G03,Kelowna,2016,CC,03,23,2016CC03_23,
P91,H,03,P91H03,Kelowna,2016,CC,03,24,2016CC03_24,
P91,A,04,P91A04,Kelowna,2016,CC,03,25,2016CC03_25,
P91,B,04,P91B04,Kelowna,2016,CC,03,26,2016CC03_26,
P91,C,04,P91C04,Kelowna,2016,CC,03,27,2016CC03_27,
P91,D,04,P91D04,Kelowna,2016,CC,03,28,2016CC03_28,
P91,E,04,P91E04,Kelowna,2016,CC,03,29,2016CC03_29,
P91,F,04,P91F04,Kelowna,2016,CC,03,30,2016CC03_30,
P91,G,04,P91G04,Kelowna,2016,CC,03,31,2016CC03_31,
P91,H,04,P91H04,Kelowna,2016,CC,03,32,2016CC03_32,
P91,A,05,P91A05,Kelowna,2016,CC,03,33,2016CC03_33,
P91,B,05,P91B05,Kelowna,2016,CC,03,34,2016CC03_34,
P91,C,05,P91C05,Kelowna,2016,CC,03,35,2016CC03_35,
P91,D,05,P91D05,Kelowna,2016,CC,03,36,2016CC03_36,
P91,E,05,P91E05,Kelowna,2016,CC,03,37,2016CC03_37,
P91,F,05,P91F05,Kelowna,2016,CC,03,38,2016CC03_38,
P91,G,05,P91G05,Kelowna,2016,CC,03,39,2016CC03_39,
P91,H,05,P91H05,Kelowna,2016,CC,03,40,2016CC03_40,
P91,A,06,P91A06,Kelowna,2016,CC,03,41,2016CC03_41,
P91,B,06,P91B06,Kelowna,2016,CC,03,42,2016CC03_42,
P91,C,06,P91C06,Kelowna,2016,CC,03,43,2016CC03_43,
P91,D,06,P91D06,Kelowna,2016,CC,03,44,2016CC03_44,
P91,E,06,P91E06,Kelowna,2016,CC,03,45,2016CC03_45,
P91,F,06,P91F06,Kelowna,2016,CC,03,46,2016CC03_46,
P91,G,06,P91G06,Kelowna,2016,CC,03,47,2016CC03_47,
P91,H,06,P91H06,Kelowna,2016,CC,03,48,2016CC03_48,
P91,A,07,P91A07,Kelowna,2016,CC,04,01,2016CC04_01,
P91,B,07,P91B07,Kelowna,2016,CC,04,02,2016CC04_02,
P91,C,07,P91C07,Kelowna,2016,CC,04,03,2016CC04_03,
P91,D,07,P91D07,Kelowna,2016,CC,04,04,2016CC04_04,
P91,E,07,P91E07,Kelowna,2016,CC,04,05,2016CC04_05,
P91,F,07,P91F07,Kelowna,2016,CC,04,06,2016CC04_06,
P91,G,07,P91G07,Kelowna,2016,CC,04,07,2016CC04_07,
P91,H,07,P91H07,Kelowna,2016,CC,04,08,2016CC04_08,
P91,A,08,P91A08,Kelowna,2016,CC,04,09,2016CC04_09,
P91,B,08,P91B08,Kelowna,2016,CC,04,10,2016CC04_10,
P91,C,08,P91C08,Kelowna,2016,CC,04,11,2016CC04_11,
P91,D,08,P91D08,Kelowna,2016,CC,04,12,2016CC04_12,
P91,E,08,P91E08,Kelowna,2016,CC,04,13,2016CC04_13,
P91,F,08,P91F08,Kelowna,2016,CC,04,14,2016CC04_14,
P91,G,08,P91G08,Kelowna,2016,CC,04,15,2016CC04_15,
P91,H,08,P91H08,Kelowna,2016,CC,04,16,2016CC04_16,
P91,A,09,P91A09,Kelowna,2016,CC,04,17,2016CC04_17,
P91,B,09,P91B09,Kelowna,2016,CC,04,18,2016CC04_18,
P91,C,09,P91C09,Kelowna,2016,CC,04,19,2016CC04_19,
P91,D,09,P91D09,Kelowna,2016,CC,04,20,2016CC04_20,
P91,E,09,P91E09,Kelowna,2016,CC,04,21,2016CC04_21,
P91,F,09,P91F09,Kelowna,2016,CC,04,22,2016CC04_22,
P91,G,09,P91G09,Kelowna,2016,CC,04,23,2016CC04_23,
P91,H,09,P91H09,Kelowna,2016,CC,04,24,2016CC04_24,
P91,A,10,P91A10,Kelowna,2016,CC,04,25,2016CC04_25,
P91,B,10,P91B10,Kelowna,2016,CC,04,26,2016CC04_26,
P91,C,10,P91C10,Kelowna,2016,CC,04,27,2016CC04_27,
P91,D,10,P91D10,Kelowna,2016,CC,04,28,2016CC04_28,
P91,E,10,P91E10,Kelowna,2016,CC,04,29,2016CC04_29,
P91,F,10,P91F10,Kelowna,2016,CC,04,30,2016CC04_30,
P91,G,10,P91G10,Kelowna,2016,CC,04,31,2016CC04_31,
P91,H,10,P91H10,Kelowna,2016,CC,04,32,2016CC04_32,
P91,A,11,P91A11,Kelowna,2016,CC,04,33,2016CC04_33,
P91,B,11,P91B11,Kelowna,2016,CC,04,34,2016CC04_34,
P91,C,11,P91C11,Kelowna,2016,CC,04,35,2016CC04_35,
P91,D,11,P91D11,Kelowna,2016,CC,04,36,2016CC04_36,
P91,E,11,P91E11,Kelowna,2016,CC,04,37,2016CC04_37,
P91,F,11,P91F11,Kelowna,2016,CC,04,38,2016CC04_38,
P91,G,11,P91G11,Kelowna,2016,CC,04,39,2016CC04_39,
P91,H,11,P91H11,Kelowna,2016,CC,04,40,2016CC04_40,
P91,A,12,P91A12,Kelowna,2016,CC,04,41,2016CC04_41,
P91,B,12,P91B12,Kelowna,2016,CC,04,42,2016CC04_42,
P91,C,12,P91C12,Kelowna,2016,CC,04,43,2016CC04_43,
P91,D,12,P91D12,Kelowna,2016,CC,04,44,2016CC04_44,
P91,E,12,P91E12,Kelowna,2016,CC,04,45,2016CC04_45,
P91,F,12,P91F12,Kelowna,2016,CC,04,46,2016CC04_46,
P92,A,01,P92A01,Kelowna,2016,CC,05,01,2016CC05_01,
P92,B,01,P92B01,Kelowna,2016,CC,05,02,2016CC05_02,
P92,C,01,P92C01,Kelowna,2016,CC,05,03,2016CC05_03,
P92,D,01,P92D01,Kelowna,2016,CC,05,04,2016CC05_04,
P92,E,01,P92E01,Kelowna,2016,CC,05,05,2016CC05_05,
P92,F,01,P92F01,Kelowna,2016,CC,05,06,2016CC05_06,
P92,G,01,P92G01,Kelowna,2016,CC,05,07,2016CC05_07,
P92,H,01,P92H01,Kelowna,2016,CC,05,08,2016CC05_08,
P92,A,02,P92A02,Kelowna,2016,CC,05,09,2016CC05_09,
P92,B,02,P92B02,Kelowna,2016,CC,05,10,2016CC05_10,
P92,C,02,P92C02,Kelowna,2016,CC,05,11,2016CC05_11,
P92,D,02,P92D02,Kelowna,2016,CC,05,12,2016CC05_12,
P92,E,02,P92E02,Kelowna,2016,CC,05,13,2016CC05_13,
P92,F,02,P92F02,Kelowna,2016,CC,05,14,2016CC05_14,
P92,G,02,P92G02,Kelowna,2016,CC,05,15,2016CC05_15,
P92,H,02,P92H02,Kelowna,2016,CC,05,16,2016CC05_16,
P92,A,03,P92A03,Kelowna,2016,CC,05,17,2016CC05_17,
P92,B,03,P92B03,Kelowna,2016,CC,05,18,2016CC05_18,
P92,C,03,P92C03,Kelowna,2016,CC,05,19,2016CC05_19,
P92,D,03,P92D03,Kelowna,2016,CC,05,20,2016CC05_20,
P92,E,03,P92E03,Kelowna,2016,CC,05,21,2016CC05_21,
P92,F,03,P92F03,Kelowna,2016,CC,05,22,2016CC05_22,
P92,G,03,P92G03,Kelowna,2016,CC,05,23,2016CC05_23,
P92,H,03,P92H03,Kelowna,2016,CC,05,24,2016CC05_24,
P92,A,04,P92A04,Kelowna,2016,CC,05,25,2016CC05_25,
P92,B,04,P92B04,Kelowna,2016,CC,05,26,2016CC05_26,
P92,C,04,P92C04,Kelowna,2016,CC,05,27,2016CC05_27,
P92,D,04,P92D04,Kelowna,2016,CC,05,28,2016CC05_28,
P92,E,04,P92E04,Kelowna,2016,CC,05,29,2016CC05_29,
P92,F,04,P92F04,Kelowna,2016,CC,05,30,2016CC05_30,
P92,G,04,P92G04,Kelowna,2016,CC,05,31,2016CC05_31,
P92,H,04,P92H04,Kelowna,2016,CC,05,32,2016CC05_32,
P92,A,05,P92A05,Kelowna,2016,CC,05,33,2016CC05_33,
P92,B,05,P92B05,Kelowna,2016,CC,05,34,2016CC05_34,
P92,C,05,P92C05,Kelowna,2016,CC,05,35,2016CC05_35,
P92,D,05,P92D05,Kelowna,2016,CC,05,36,2016CC05_36,
P92,E,05,P92E05,Kelowna,2016,CC,05,37,2016CC05_37,
P92,F,05,P92F05,Kelowna,2016,CC,05,38,2016CC05_38,
P92,G,05,P92G05,Kelowna,2016,CC,05,39,2016CC05_39,
P92,H,05,P92H05,Kelowna,2016,CC,05,40,2016CC05_40,
P92,A,06,P92A06,Kelowna,2016,CC,05,41,2016CC05_41,
P92,B,06,P92B06,Kelowna,2016,CC,05,42,2016CC05_42,
P92,C,06,P92C06,Kelowna,2016,CC,05,43,2016CC05_43,
P92,D,06,P92D06,Kelowna,2016,CC,05,44,2016CC05_44,
P92,E,06,P92E06,Kelowna,2016,CC,05,45,2016CC05_45,
P92,F,06,P92F06,Kelowna,2016,CC,05,46,2016CC05_46,
P92,G,06,P92G06,Kelowna,2016,CC,05,47,2016CC05_47,
P92,H,06,P92H06,Kelowna,2016,CC,05,48,2016CC05_48,
P92,A,07,P92A07,Kelowna,2016,CC,06,01,2016CC06_01,
P92,B,07,P92B07,Kelowna,2016,CC,06,02,2016CC06_02,
P92,C,07,P92C07,Kelowna,2016,CC,06,03,2016CC06_03,
P92,D,07,P92D07,Kelowna,2016,CC,06,04,2016CC06_04,
P92,E,07,P92E07,Kelowna,2016,CC,06,05,2016CC06_05,
P92,F,07,P92F07,Kelowna,2016,CC,06,06,2016CC06_06,
P92,G,07,P92G07,Kelowna,2016,CC,06,07,2016CC06_07,
P92,H,07,P92H07,Kelowna,2016,CC,06,08,2016CC06_08,
P92,A,08,P92A08,Kelowna,2016,CC,06,09,2016CC06_09,
P92,B,08,P92B08,Kelowna,2016,CC,06,10,2016CC06_10,
P92,C,08,P92C08,Kelowna,2016,CC,06,11,2016CC06_11,
P92,D,08,P92D08,Kelowna,2016,CC,06,12,2016CC06_12,
P92,E,08,P92E08,Kelowna,2016,CC,06,13,2016CC06_13,
P92,F,08,P92F08,Kelowna,2016,CC,06,14,2016CC06_14,
P92,G,08,P92G08,Kelowna,2016,CC,06,15,2016CC06_15,
P92,H,08,P92H08,Kelowna,2016,CC,06,16,2016CC06_16,
P92,A,09,P92A09,Kelowna,2016,CC,06,17,2016CC06_17,
P92,B,09,P92B09,Kelowna,2016,CC,06,18,2016CC06_18,
P92,C,09,P92C09,Kelowna,2016,CC,06,19,2016CC06_19,
P92,D,09,P92D09,Kelowna,2016,CC,06,20,2016CC06_20,
P92,E,09,P92E09,Kelowna,2016,CC,06,21,2016CC06_21,
P92,F,09,P92F09,Kelowna,2016,CC,06,22,2016CC06_22,
P92,G,09,P92G09,Kelowna,2016,CC,06,23,2016CC06_23,
P92,H,09,P92H09,Kelowna,2016,CC,06,24,2016CC06_24,
P92,A,10,P92A10,Kelowna,2016,CC,06,25,2016CC06_25,
P92,B,10,P92B10,Kelowna,2016,CC,06,26,2016CC06_26,
P92,C,10,P92C10,Kelowna,2016,CC,06,27,2016CC06_27,
P92,D,10,P92D10,Kelowna,2016,CC,06,28,2016CC06_28,
P92,E,10,P92E10,Kelowna,2016,CC,06,29,2016CC06_29,
P92,F,10,P92F10,Kelowna,2016,CC,06,30,2016CC06_30,
P92,G,10,P92G10,Kelowna,2016,CC,06,31,2016CC06_31,
P92,H,10,P92H10,Kelowna,2016,CC,06,32,2016CC06_32,
P92,A,11,P92A11,Kelowna,2016,CC,06,33,2016CC06_33,
P92,B,11,P92B11,Kelowna,2016,CC,06,34,2016CC06_34,
P92,C,11,P92C11,Kelowna,2016,CC,06,35,2016CC06_35,
P92,D,11,P92D11,Kelowna,2016,CC,06,36,2016CC06_36,
P92,E,11,P92E11,Kelowna,2016,CC,06,37,2016CC06_37,
P92,F,11,P92F11,Kelowna,2016,CC,06,38,2016CC06_38,
P92,G,11,P92G11,Kelowna,2016,CC,06,39,2016CC06_39,
P92,H,11,P92H11,Kelowna,2016,CC,06,40,2016CC06_40,
P92,A,12,P92A12,Kelowna,2016,CC,06,41,2016CC06_41,
P92,B,12,P92B12,Kelowna,2016,CC,06,42,2016CC06_42,
P92,C,12,P92C12,Kelowna,2016,CC,06,43,2016CC06_43,
P92,D,12,P92D12,Kelowna,2016,CC,06,44,2016CC06_44,
P92,E,12,P92E12,Kelowna,2016,CC,06,45,2016CC06_45,
P92,F,12,P92F12,Kelowna,2016,CC,06,46,2016CC06_46,
P93,A,01,P93A01,PentictonNaramata,2016,TII,01,01,2016TII01_01,
P93,B,01,P93B01,PentictonNaramata,2016,TII,01,02,2016TII01_02,
P93,C,01,P93C01,PentictonNaramata,2016,TII,01,03,2016TII01_03,
P93,D,01,P93D01,PentictonNaramata,2016,TII,01,04,2016TII01_04,
P93,E,01,P93E01,PentictonNaramata,2016,TII,01,05,2016TII01_05,
P93,F,01,P93F01,PentictonNaramata,2016,TII,01,06,2016TII01_06,
P93,G,01,P93G01,PentictonNaramata,2016,TII,01,07,2016TII01_07,
P93,H,01,P93H01,PentictonNaramata,2016,TII,01,08,2016TII01_08,
P93,A,02,P93A02,PentictonNaramata,2016,TII,01,09,2016TII01_09,
P93,B,02,P93B02,PentictonNaramata,2016,TII,01,10,2016TII01_10,
P93,C,02,P93C02,PentictonNaramata,2016,TII,01,11,2016TII01_11,
P93,D,02,P93D02,PentictonNaramata,2016,TII,01,12,2016TII01_12,
P93,E,02,P93E02,PentictonNaramata,2016,TII,01,13,2016TII01_13,
P93,F,02,P93F02,PentictonNaramata,2016,TII,01,14,2016TII01_14,
P93,G,02,P93G02,PentictonNaramata,2016,TII,01,15,2016TII01_15,
P93,H,02,P93H02,PentictonNaramata,2016,TII,01,16,2016TII01_16,
P93,A,03,P93A03,PentictonNaramata,2016,TII,01,17,2016TII01_17,
P93,B,03,P93B03,PentictonNaramata,2016,TII,01,18,2016TII01_18,
P93,C,03,P93C03,PentictonNaramata,2016,TII,01,19,2016TII01_19,
P93,D,03,P93D03,PentictonNaramata,2016,TII,01,20,2016TII01_20,
P93,E,03,P93E03,PentictonNaramata,2016,TII,01,21,2016TII01_21,
P93,F,03,P93F03,PentictonNaramata,2016,TII,01,22,2016TII01_22,
P93,G,03,P93G03,PentictonNaramata,2016,TII,01,23,2016TII01_23,
P93,H,03,P93H03,PentictonNaramata,2016,TII,01,24,2016TII01_24,
P93,A,04,P93A04,PentictonNaramata,2016,TII,01,25,2016TII01_25,
P93,B,04,P93B04,PentictonNaramata,2016,TII,01,26,2016TII01_26,
P93,C,04,P93C04,PentictonNaramata,2016,TII,01,27,2016TII01_27,
P93,D,04,P93D04,PentictonNaramata,2016,TII,01,28,2016TII01_28,
P93,E,04,P93E04,PentictonNaramata,2016,TII,01,29,2016TII01_29,
P93,F,04,P93F04,PentictonNaramata,2016,TII,01,30,2016TII01_30,
P93,G,04,P93G04,PentictonNaramata,2016,TII,01,31,2016TII01_31,
P93,H,04,P93H04,PentictonNaramata,2016,TII,01,32,2016TII01_32,
P93,A,05,P93A05,PentictonNaramata,2016,TII,01,33,2016TII01_33,
P93,B,05,P93B05,PentictonNaramata,2016,TII,01,34,2016TII01_34,
P93,C,05,P93C05,PentictonNaramata,2016,TII,01,35,2016TII01_35,
P93,D,05,P93D05,PentictonNaramata,2016,TII,01,36,2016TII01_36,
P93,E,05,P93E05,PentictonNaramata,2016,TII,01,37,2016TII01_37,
P93,F,05,P93F05,PentictonNaramata,2016,TII,01,38,2016TII01_38,
P93,G,05,P93G05,PentictonNaramata,2016,TII,01,39,2016TII01_39,
P93,H,05,P93H05,PentictonNaramata,2016,TII,01,40,2016TII01_40,
P93,A,06,P93A06,PentictonNaramata,2016,TII,01,41,2016TII01_41,
P93,B,06,P93B06,PentictonNaramata,2016,TII,01,42,2016TII01_42,
P93,C,06,P93C06,PentictonNaramata,2016,TII,01,43,2016TII01_43,
P93,D,06,P93D06,PentictonNaramata,2016,TII,01,44,2016TII01_44,
P93,E,06,P93E06,PentictonNaramata,2016,TII,01,45,2016TII01_45,
P93,F,06,P93F06,PentictonNaramata,2016,TII,01,46,2016TII01_46,
P93,G,06,P93G06,PentictonNaramata,2016,TII,01,47,2016TII01_47,
P93,H,06,P93H06,PentictonNaramata,2016,TII,01,48,2016TII01_48,
P93,A,07,P93A07,Kelowna,2016,PNA,06,01,2016PNA06_01,
P93,B,07,P93B07,Kelowna,2016,PNA,06,02,2016PNA06_02,
P93,C,07,P93C07,Kelowna,2016,PNA,06,03,2016PNA06_03,
P93,D,07,P93D07,Kelowna,2016,PNA,06,04,2016PNA06_04,
P93,E,07,P93E07,Kelowna,2016,PNA,06,05,2016PNA06_05,
P93,F,07,P93F07,Kelowna,2016,PNA,06,06,2016PNA06_06,
P93,G,07,P93G07,Kelowna,2016,PNA,06,07,2016PNA06_07,
P93,H,07,P93H07,Kelowna,2016,PNA,06,08,2016PNA06_08,
P93,A,08,P93A08,Kelowna,2016,PNA,06,09,2016PNA06_09,
P93,B,08,P93B08,Kelowna,2016,PNA,06,10,2016PNA06_10,
P93,C,08,P93C08,Kelowna,2016,PNA,06,11,2016PNA06_11,
P93,D,08,P93D08,Kelowna,2016,PNA,06,12,2016PNA06_12,
P93,E,08,P93E08,Kelowna,2016,PNA,06,13,2016PNA06_13,
P93,F,08,P93F08,Kelowna,2016,PNA,06,14,2016PNA06_14,
P93,G,08,P93G08,Kelowna,2016,PNA,06,15,2016PNA06_15,
P93,H,08,P93H08,Kelowna,2016,PNA,06,16,2016PNA06_16,
P93,A,09,P93A09,Kelowna,2016,PNA,06,17,2016PNA06_17,
P93,B,09,P93B09,Kelowna,2016,PNA,06,18,2016PNA06_18,
P93,C,09,P93C09,Kelowna,2016,PNA,06,19,2016PNA06_19,
P93,D,09,P93D09,Kelowna,2016,PNA,06,20,2016PNA06_20,
P93,E,09,P93E09,Kelowna,2016,PNA,06,21,2016PNA06_21,
P93,F,09,P93F09,Kelowna,2016,PNA,06,22,2016PNA06_22,
P93,G,09,P93G09,Kelowna,2016,PNA,06,23,2016PNA06_23,
P93,H,09,P93H09,Kelowna,2016,PNA,06,24,2016PNA06_24,
P93,A,10,P93A10,Kelowna,2016,PNA,06,25,2016PNA06_25,
P93,B,10,P93B10,Kelowna,2016,PNA,06,26,2016PNA06_26,
P93,C,10,P93C10,Kelowna,2016,PNA,06,27,2016PNA06_27,
P93,D,10,P93D10,Kelowna,2016,PNA,06,28,2016PNA06_28,
P93,E,10,P93E10,Kelowna,2016,PNA,06,29,2016PNA06_29,
P93,F,10,P93F10,Kelowna,2016,PNA,06,30,2016PNA06_30,
P93,G,10,P93G10,Kelowna,2016,PNA,06,31,2016PNA06_31,
P93,H,10,P93H10,Kelowna,2016,PNA,06,32,2016PNA06_32,
P93,A,11,P93A11,Kelowna,2016,PNA,06,33,2016PNA06_33,
P93,B,11,P93B11,Kelowna,2016,PNA,06,34,2016PNA06_34,
P93,C,11,P93C11,Kelowna,2016,PNA,06,35,2016PNA06_35,
P93,D,11,P93D11,Kelowna,2016,PNA,06,36,2016PNA06_36,
P93,E,11,P93E11,Kelowna,2016,PNA,06,37,2016PNA06_37,
P93,F,11,P93F11,Kelowna,2016,PNA,06,38,2016PNA06_38,
P93,G,11,P93G11,Kelowna,2016,PNA,06,39,2016PNA06_39,
P93,H,11,P93H11,Kelowna,2016,PNA,06,40,2016PNA06_40,
P93,A,12,P93A12,Kelowna,2016,PNA,06,41,2016PNA06_41,
P93,B,12,P93B12,Kelowna,2016,PNA,06,42,2016PNA06_42,
P93,C,12,P93C12,Kelowna,2016,PNA,06,43,2016PNA06_43,
P93,D,12,P93D12,Kelowna,2016,PNA,06,44,2016PNA06_44,
P93,E,12,P93E12,Kelowna,2016,PNA,06,45,2016PNA06_45,
P93,F,12,P93F12,Kelowna,2016,PNA,06,46,2016PNA06_46,
P94,A,01,P94A01,Kelowna,2016,PNC,06,01,2016PNC06_01,
P94,B,01,P94B01,Kelowna,2016,PNC,06,02,2016PNC06_02,
P94,C,01,P94C01,Kelowna,2016,PNC,06,03,2016PNC06_03,
P94,D,01,P94D01,Kelowna,2016,PNC,06,04,2016PNC06_04,
P94,E,01,P94E01,Kelowna,2016,PNC,06,05,2016PNC06_05,
P94,F,01,P94F01,Kelowna,2016,PNC,06,06,2016PNC06_06,
P94,G,01,P94G01,Kelowna,2016,PNC,06,07,2016PNC06_07,
P94,H,01,P94H01,Kelowna,2016,PNC,06,08,2016PNC06_08,
P94,A,02,P94A02,Kelowna,2016,PNC,06,09,2016PNC06_09,
P94,B,02,P94B02,Kelowna,2016,PNC,06,10,2016PNC06_10,
P94,C,02,P94C02,Kelowna,2016,PNC,06,11,2016PNC06_11,
P94,D,02,P94D02,Kelowna,2016,PNC,06,12,2016PNC06_12,
P94,E,02,P94E02,Kelowna,2016,PNC,06,13,2016PNC06_13,
P94,F,02,P94F02,Kelowna,2016,PNC,06,14,2016PNC06_14,
P94,G,02,P94G02,Kelowna,2016,PNC,06,15,2016PNC06_15,
P94,H,02,P94H02,Kelowna,2016,PNC,06,16,2016PNC06_16,
P94,A,03,P94A03,Kelowna,2016,PNC,06,17,2016PNC06_17,
P94,B,03,P94B03,Kelowna,2016,PNC,06,18,2016PNC06_18,
P94,C,03,P94C03,Kelowna,2016,PNC,06,19,2016PNC06_19,
P94,D,03,P94D03,Kelowna,2016,PNC,06,20,2016PNC06_20,
P94,E,03,P94E03,Kelowna,2016,PNC,06,21,2016PNC06_21,
P94,F,03,P94F03,Kelowna,2016,PNC,06,22,2016PNC06_22,
P94,G,03,P94G03,Kelowna,2016,PNC,06,23,2016PNC06_23,
P94,H,03,P94H03,Kelowna,2016,PNC,06,24,2016PNC06_24,
P94,A,04,P94A04,Kelowna,2016,PNC,06,25,2016PNC06_25,
P94,B,04,P94B04,Kelowna,2016,PNC,06,26,2016PNC06_26,
P94,C,04,P94C04,Kelowna,2016,PNC,06,27,2016PNC06_27,
P94,D,04,P94D04,Kelowna,2016,PNC,06,28,2016PNC06_28,
P94,E,04,P94E04,Kelowna,2016,PNC,06,29,2016PNC06_29,
P94,F,04,P94F04,Kelowna,2016,PNC,06,30,2016PNC06_30,
P94,G,04,P94G04,Kelowna,2016,PNC,06,31,2016PNC06_31,
P94,H,04,P94H04,Kelowna,2016,PNC,06,32,2016PNC06_32,
P94,A,05,P94A05,Kelowna,2016,PNC,06,33,2016PNC06_33,
P94,B,05,P94B05,Kelowna,2016,PNC,06,34,2016PNC06_34,
P94,C,05,P94C05,Kelowna,2016,PNC,06,35,2016PNC06_35,
P94,D,05,P94D05,Kelowna,2016,PNC,06,36,2016PNC06_36,
P94,E,05,P94E05,Kelowna,2016,PNC,06,37,2016PNC06_37,
P94,F,05,P94F05,Kelowna,2016,PNC,06,38,2016PNC06_38,
P94,G,05,P94G05,Kelowna,2016,PNC,06,39,2016PNC06_39,
P94,H,05,P94H05,Kelowna,2016,PNC,06,40,2016PNC06_40,
P94,A,06,P94A06,Kelowna,2016,PNC,06,41,2016PNC06_41,
P94,B,06,P94B06,Kelowna,2016,PNC,06,42,2016PNC06_42,
P94,C,06,P94C06,Kelowna,2016,PNC,06,43,2016PNC06_43,
P94,D,06,P94D06,Kelowna,2016,PNC,06,44,2016PNC06_44,
P94,E,06,P94E06,Kelowna,2016,PNC,06,45,2016PNC06_45,
P94,F,06,P94F06,Kelowna,2016,PNC,06,46,2016PNC06_46,
P94,G,06,P94G06,Kelowna,2016,PNC,06,47,2016PNC06_47,
P94,H,06,P94H06,Kelowna,2016,PNC,06,48,2016PNC06_48,
P95,A,01,P95A01,OliverOsoyoos,2016,RD,06,01,2016RD06_01,
P95,B,01,P95B01,OliverOsoyoos,2016,RD,06,02,2016RD06_02,
P95,C,01,P95C01,OliverOsoyoos,2016,RD,06,03,2016RD06_03,
P95,D,01,P95D01,OliverOsoyoos,2016,RD,06,04,2016RD06_04,
P95,E,01,P95E01,OliverOsoyoos,2016,RD,06,05,2016RD06_05,
P95,F,01,P95F01,OliverOsoyoos,2016,RD,06,06,2016RD06_06,
P95,G,01,P95G01,OliverOsoyoos,2016,RD,06,07,2016RD06_07,
P95,H,01,P95H01,OliverOsoyoos,2016,RD,06,08,2016RD06_08,
P95,A,02,P95A02,OliverOsoyoos,2016,RD,06,09,2016RD06_09,
P95,B,02,P95B02,OliverOsoyoos,2016,RD,06,10,2016RD06_10,
P95,C,02,P95C02,OliverOsoyoos,2016,RD,06,11,2016RD06_11,
P95,D,02,P95D02,OliverOsoyoos,2016,RD,06,12,2016RD06_12,
P95,E,02,P95E02,OliverOsoyoos,2016,RD,06,13,2016RD06_13,
P95,F,02,P95F02,OliverOsoyoos,2016,RD,06,14,2016RD06_14,
P95,G,02,P95G02,OliverOsoyoos,2016,RD,06,15,2016RD06_15,
P95,H,02,P95H02,OliverOsoyoos,2016,RD,06,16,2016RD06_16,
P95,A,03,P95A03,OliverOsoyoos,2016,RD,06,17,2016RD06_17,
P95,B,03,P95B03,OliverOsoyoos,2016,RD,06,18,2016RD06_18,
P95,C,03,P95C03,OliverOsoyoos,2016,RD,06,19,2016RD06_19,
P95,D,03,P95D03,OliverOsoyoos,2016,RD,06,20,2016RD06_20,
P95,E,03,P95E03,OliverOsoyoos,2016,RD,06,21,2016RD06_21,
P95,F,03,P95F03,OliverOsoyoos,2016,RD,06,22,2016RD06_22,
P95,G,03,P95G03,OliverOsoyoos,2016,RD,06,23,2016RD06_23,
P95,H,03,P95H03,OliverOsoyoos,2016,RD,06,24,2016RD06_24,
P95,A,04,P95A04,OliverOsoyoos,2016,RD,06,25,2016RD06_25,
P95,B,04,P95B04,OliverOsoyoos,2016,RD,06,26,2016RD06_26,
P95,C,04,P95C04,OliverOsoyoos,2016,RD,06,27,2016RD06_27,
P95,D,04,P95D04,OliverOsoyoos,2016,RD,06,28,2016RD06_28,
P95,E,04,P95E04,OliverOsoyoos,2016,RD,06,29,2016RD06_29,
P95,F,04,P95F04,OliverOsoyoos,2016,RD,06,30,2016RD06_30,
P95,G,04,P95G04,OliverOsoyoos,2016,RD,06,31,2016RD06_31,
P95,H,04,P95H04,OliverOsoyoos,2016,RD,06,32,2016RD06_32,
P95,A,05,P95A05,OliverOsoyoos,2016,RD,06,33,2016RD06_33,
P95,B,05,P95B05,OliverOsoyoos,2016,RD,06,34,2016RD06_34,
P95,C,05,P95C05,OliverOsoyoos,2016,RD,06,35,2016RD06_35,
P95,D,05,P95D05,OliverOsoyoos,2016,RD,06,36,2016RD06_36,
P95,E,05,P95E05,OliverOsoyoos,2016,RD,06,37,2016RD06_37,
P95,F,05,P95F05,OliverOsoyoos,2016,RD,06,38,2016RD06_38,
P95,G,05,P95G05,OliverOsoyoos,2016,RD,06,39,2016RD06_39,
P95,H,05,P95H05,OliverOsoyoos,2016,RD,06,40,2016RD06_40,
P95,A,06,P95A06,OliverOsoyoos,2016,RD,06,41,2016RD06_41,
P95,B,06,P95B06,OliverOsoyoos,2016,RD,06,42,2016RD06_42,
P95,C,06,P95C06,OliverOsoyoos,2016,RD,06,43,2016RD06_43,
P95,D,06,P95D06,OliverOsoyoos,2016,RD,06,44,2016RD06_44,
P95,E,06,P95E06,OliverOsoyoos,2016,RD,06,45,2016RD06_45,
P95,F,06,P95F06,OliverOsoyoos,2016,RD,06,46,2016RD06_46,
P95,G,06,P95G06,OliverOsoyoos,2016,RD,06,47,2016RD06_47,
P95,H,06,P95H06,OliverOsoyoos,2016,RD,06,48,2016RD06_48,
P95,A,07,P95A07,OliverOsoyoos,2016,SB,02,47,2016SB02_47,
P95,B,07,P95B07,OliverOsoyoos,2016,SB,02,48,2016SB02_48,
P95,C,07,P95C07,OliverOsoyoos,2016,SB,06,47,2016SB06_47,
P95,D,07,P95D07,OliverOsoyoos,2016,SB,06,48,2016SB06_48,
P95,E,07,P95E07,OliverOsoyoos,2016,MHA,03,47,2016MHA03_47,
P95,F,07,P95F07,OliverOsoyoos,2016,MHA,03,48,2016MHA03_48,
P95,G,07,P95G07,OliverOsoyoos,2016,TN,01,47,2016TN01_47,
P95,H,07,P95H07,OliverOsoyoos,2016,TN,01,48,2016TN01_48,
P95,A,08,P95A08,OliverOsoyoos,2016,TN,05,47,2016TN05_47,
P95,B,08,P95B08,OliverOsoyoos,2016,TN,05,48,2016TN05_48,
P95,C,08,P95C08,Kelowna,2016,TA,02,47,2016TA02_47,
P95,D,08,P95D08,Kelowna,2016,TA,02,48,2016TA02_48,
P95,E,08,P95E08,Kelowna,2016,TA,04,47,2016TA04_47,
P95,F,08,P95F08,Kelowna,2016,TA,04,48,2016TA04_48,
P95,G,08,P95G08,Kelowna,2016,TA,06,47,2016TA06_47,
P95,H,08,P95H08,Kelowna,2016,TA,06,48,2016TA06_48,
P95,A,09,P95A09,Kelowna,2016,PNC,02,47,2016PNC02_47,
P95,B,09,P95B09,Kelowna,2016,PNC,02,48,2016PNC02_48,
P95,C,09,P95C09,Kelowna,2016,PNC,05,47,2016PNC05_47,
P95,D,09,P95D09,Kelowna,2016,PNC,05,48,2016PNC05_48,
P95,E,09,P95E09,OliverOsoyoos,2016,RD,03,47,2016RD03_47,
P95,F,09,P95F09,OliverOsoyoos,2016,RD,03,48,2016RD03_48,
P95,G,09,P95G09,OliverOsoyoos,2016,RD,05,47,2016RD05_47,
P95,H,09,P95H09,OliverOsoyoos,2016,RD,05,48,2016RD05_48,
P95,A,10,P95A10,Kelowna,2016,CC,02,47,2016CC02_47,
P95,B,10,P95B10,Kelowna,2016,CC,02,48,2016CC02_48,
P95,C,10,P95C10,Kelowna,2016,CC,04,47,2016CC04_47,
P95,D,10,P95D10,Kelowna,2016,CC,04,48,2016CC04_48,
P95,E,10,P95E10,Kelowna,2016,CC,06,47,2016CC06_47,
P95,F,10,P95F10,Kelowna,2016,CC,06,48,2016CC06_48,
P95,A,11,P95A11,Kelowna,2016,PNA,06,47,2016PNA06_47,
P95,B,11,P95B11,Kelowna,2016,PNA,06,48,2016PNA06_48,
