Plate,Row,Column,plateId,species,subRegion,vintage,vineyard,fermRep,isolate,isolateId,Notes
P78,A,1,P78A01,Sc,OliverOsoyoos,2016,SB,1,1,2016SB01_01,M2 contamination
P78,B,1,P78B01,Sc,OliverOsoyoos,2016,SB,1,2,2016SB01_02,M2 contamination
P78,C,1,P78C01,Sc,OliverOsoyoos,2016,SB,1,3,2016SB01_03,M2 contamination
P78,D,1,P78D01,Sc,OliverOsoyoos,2016,SB,1,4,2016SB01_04,M2 contamination
P78,E,1,P78E01,Sc,OliverOsoyoos,2016,SB,1,5,2016SB01_05,M2 contamination
P78,F,1,P78F01,Sc,OliverOsoyoos,2016,SB,1,6,2016SB01_06,M2 contamination
P78,G,1,P78G01,Sc,OliverOsoyoos,2016,SB,1,7,2016SB01_07,M2 contamination
P78,H,1,P78H01,Sc,OliverOsoyoos,2016,SB,1,8,2016SB01_08,M2 contamination
P78,A,2,P78A02,Sc,OliverOsoyoos,2016,SB,1,9,2016SB01_09,M2 contamination
P78,B,2,P78B02,Sc,OliverOsoyoos,2016,SB,1,10,2016SB01_10,M2 contamination
P78,C,2,P78C02,Sc,OliverOsoyoos,2016,SB,1,11,2016SB01_11,M2 contamination
P78,D,2,P78D02,Sc,OliverOsoyoos,2016,SB,1,12,2016SB01_12,M2 contamination
P78,E,2,P78E02,Sc,OliverOsoyoos,2016,SB,1,13,2016SB01_13,M2 contamination
P78,F,2,P78F02,Sc,OliverOsoyoos,2016,SB,1,14,2016SB01_14,M2 contamination
P78,G,2,P78G02,Sc,OliverOsoyoos,2016,SB,1,15,2016SB01_15,M2 contamination
P78,H,2,P78H02,Sc,OliverOsoyoos,2016,SB,1,16,2016SB01_16,M2 contamination
P78,A,3,P78A03,Sc,OliverOsoyoos,2016,SB,1,17,2016SB01_17,M2 contamination
P78,B,3,P78B03,Sc,OliverOsoyoos,2016,SB,1,18,2016SB01_18,M2 contamination
P78,C,3,P78C03,Sc,OliverOsoyoos,2016,SB,1,19,2016SB01_19,M2 contamination
P78,D,3,P78D03,Sc,OliverOsoyoos,2016,SB,1,20,2016SB01_20,M2 contamination
P78,E,3,P78E03,Sc,OliverOsoyoos,2016,SB,1,21,2016SB01_21,M2 contamination
P78,F,3,P78F03,Sc,OliverOsoyoos,2016,SB,1,22,2016SB01_22,M2 contamination
P78,G,3,P78G03,Sc,OliverOsoyoos,2016,SB,1,23,2016SB01_23,M2 contamination
P78,H,3,P78H03,Sc,OliverOsoyoos,2016,SB,1,24,2016SB01_24,M2 contamination
P78,A,4,P78A04,Sc,OliverOsoyoos,2016,SB,1,25,2016SB01_25,M2 contamination
P78,B,4,P78B04,Sc,OliverOsoyoos,2016,SB,1,26,2016SB01_26,M2 contamination
P78,C,4,P78C04,Sc,OliverOsoyoos,2016,SB,1,27,2016SB01_27,M2 contamination
P78,D,4,P78D04,Sc,OliverOsoyoos,2016,SB,1,28,2016SB01_28,M2 contamination
P78,E,4,P78E04,Sc,OliverOsoyoos,2016,SB,1,29,2016SB01_29,M2 contamination
P78,F,4,P78F04,Sc,OliverOsoyoos,2016,SB,1,30,2016SB01_30,M2 contamination
P78,G,4,P78G04,Sc,OliverOsoyoos,2016,SB,1,31,2016SB01_31,M2 contamination
P78,H,4,P78H04,Sc,OliverOsoyoos,2016,SB,1,32,2016SB01_32,M2 contamination
P78,A,5,P78A05,Sc,OliverOsoyoos,2016,SB,1,33,2016SB01_33,M2 contamination
P78,B,5,P78B05,Sc,OliverOsoyoos,2016,SB,1,34,2016SB01_34,M2 contamination
P78,C,5,P78C05,Sc,OliverOsoyoos,2016,SB,1,35,2016SB01_35,M2 contamination
P78,D,5,P78D05,Sc,OliverOsoyoos,2016,SB,1,36,2016SB01_36,M2 contamination
P78,E,5,P78E05,Sc,OliverOsoyoos,2016,SB,1,37,2016SB01_37,M2 contamination
P78,F,5,P78F05,Sc,OliverOsoyoos,2016,SB,1,38,2016SB01_38,M2 contamination
P78,G,5,P78G05,Sc,OliverOsoyoos,2016,SB,1,39,2016SB01_39,M2 contamination
P78,H,5,P78H05,Sc,OliverOsoyoos,2016,SB,1,40,2016SB01_40,M2 contamination
P78,A,6,P78A06,Sc,OliverOsoyoos,2016,SB,1,41,2016SB01_41,M2 contamination
P78,B,6,P78B06,Sc,OliverOsoyoos,2016,SB,1,42,2016SB01_42,M2 contamination
P78,C,6,P78C06,Sc,OliverOsoyoos,2016,SB,1,43,2016SB01_43,M2 contamination
P78,D,6,P78D06,Sc,OliverOsoyoos,2016,SB,1,44,2016SB01_44,M2 contamination
P78,E,6,P78E06,Sc,OliverOsoyoos,2016,SB,1,45,2016SB01_45,M2 contamination
P78,F,6,P78F06,Sc,OliverOsoyoos,2016,SB,1,46,2016SB01_46,M2 contamination
P78,G,6,P78G06,Sc,OliverOsoyoos,2016,SB,1,47,2016SB01_47,M2 contamination
P78,H,6,P78H06,Sc,OliverOsoyoos,2016,SB,1,48,2016SB01_48,M2 contamination
P78,A,7,P78A07,Sc,OliverOsoyoos,2016,SB,2,1,2016SB02_01,
P78,B,7,P78B07,Sc,OliverOsoyoos,2016,SB,2,2,2016SB02_02,
P78,C,7,P78C07,Sc,OliverOsoyoos,2016,SB,2,3,2016SB02_03,
P78,D,7,P78D07,Sc,OliverOsoyoos,2016,SB,2,4,2016SB02_04,
P78,E,7,P78E07,Sc,OliverOsoyoos,2016,SB,2,5,2016SB02_05,
P78,F,7,P78F07,Sc,OliverOsoyoos,2016,SB,2,6,2016SB02_06,
P78,G,7,P78G07,Sc,OliverOsoyoos,2016,SB,2,7,2016SB02_07,
P78,H,7,P78H07,Sc,OliverOsoyoos,2016,SB,2,8,2016SB02_08,
P78,A,8,P78A08,Sc,OliverOsoyoos,2016,SB,2,9,2016SB02_09,
P78,B,8,P78B08,Sc,OliverOsoyoos,2016,SB,2,10,2016SB02_10,
P78,C,8,P78C08,Sc,OliverOsoyoos,2016,SB,2,11,2016SB02_11,
P78,D,8,P78D08,Sc,OliverOsoyoos,2016,SB,2,12,2016SB02_12,
P78,E,8,P78E08,Sc,OliverOsoyoos,2016,SB,2,13,2016SB02_13,
P78,F,8,P78F08,Sc,OliverOsoyoos,2016,SB,2,14,2016SB02_14,
P78,G,8,P78G08,Sc,OliverOsoyoos,2016,SB,2,15,2016SB02_15,
P78,H,8,P78H08,Sc,OliverOsoyoos,2016,SB,2,16,2016SB02_16,
P78,A,9,P78A09,Sc,OliverOsoyoos,2016,SB,2,17,2016SB02_17,
P78,B,9,P78B09,Sc,OliverOsoyoos,2016,SB,2,18,2016SB02_18,
P78,C,9,P78C09,Sc,OliverOsoyoos,2016,SB,2,19,2016SB02_19,
P78,D,9,P78D09,Sc,OliverOsoyoos,2016,SB,2,20,2016SB02_20,
P78,E,9,P78E09,Sc,OliverOsoyoos,2016,SB,2,21,2016SB02_21,
P78,F,9,P78F09,Sc,OliverOsoyoos,2016,SB,2,22,2016SB02_22,
P78,G,9,P78G09,Sc,OliverOsoyoos,2016,SB,2,23,2016SB02_23,
P78,H,9,P78H09,Sc,OliverOsoyoos,2016,SB,2,24,2016SB02_24,
P78,A,10,P78A10,Sc,OliverOsoyoos,2016,SB,2,25,2016SB02_25,
P78,B,10,P78B10,Sc,OliverOsoyoos,2016,SB,2,26,2016SB02_26,
P78,C,10,P78C10,Sc,OliverOsoyoos,2016,SB,2,27,2016SB02_27,
P78,D,10,P78D10,Sc,OliverOsoyoos,2016,SB,2,28,2016SB02_28,
P78,E,10,P78E10,Sc,OliverOsoyoos,2016,SB,2,29,2016SB02_29,
P78,F,10,P78F10,Sc,OliverOsoyoos,2016,SB,2,30,2016SB02_30,
P78,G,10,P78G10,Sc,OliverOsoyoos,2016,SB,2,31,2016SB02_31,
P78,H,10,P78H10,Sc,OliverOsoyoos,2016,SB,2,32,2016SB02_32,
P78,A,11,P78A11,Sc,OliverOsoyoos,2016,SB,2,33,2016SB02_33,
P78,B,11,P78B11,Sc,OliverOsoyoos,2016,SB,2,34,2016SB02_34,
P78,C,11,P78C11,Sc,OliverOsoyoos,2016,SB,2,35,2016SB02_35,
P78,D,11,P78D11,Sc,OliverOsoyoos,2016,SB,2,36,2016SB02_36,
P78,E,11,P78E11,Sc,OliverOsoyoos,2016,SB,2,37,2016SB02_37,
P78,F,11,P78F11,Sc,OliverOsoyoos,2016,SB,2,38,2016SB02_38,
P78,G,11,P78G11,Sc,OliverOsoyoos,2016,SB,2,39,2016SB02_39,
P78,H,11,P78H11,Sc,OliverOsoyoos,2016,SB,2,40,2016SB02_40,
P78,A,12,P78A12,Sc,OliverOsoyoos,2016,SB,2,41,2016SB02_41,
P78,B,12,P78B12,Sc,OliverOsoyoos,2016,SB,2,42,2016SB02_42,
P78,C,12,P78C12,Sc,OliverOsoyoos,2016,SB,2,43,2016SB02_43,
P78,D,12,P78D12,Sc,OliverOsoyoos,2016,SB,2,44,2016SB02_44,
P78,E,12,P78E12,Sc,OliverOsoyoos,2016,SB,2,45,2016SB02_45,
P78,F,12,P78F12,Sc,OliverOsoyoos,2016,SB,2,46,2016SB02_46,
P79,A,1,P79A01,Sc,OliverOsoyoos,2016,SB,4,1,2016SB04_01,
P79,B,1,P79B01,Sc,OliverOsoyoos,2016,SB,4,2,2016SB04_02,
P79,C,1,P79C01,Sc,OliverOsoyoos,2016,SB,4,3,2016SB04_03,
P79,D,1,P79D01,Sc,OliverOsoyoos,2016,SB,4,4,2016SB04_04,
P79,E,1,P79E01,Sc,OliverOsoyoos,2016,SB,4,5,2016SB04_05,
P79,F,1,P79F01,Sc,OliverOsoyoos,2016,SB,4,6,2016SB04_06,
P79,G,1,P79G01,Sc,OliverOsoyoos,2016,SB,4,7,2016SB04_07,
P79,H,1,P79H01,Sc,OliverOsoyoos,2016,SB,4,8,2016SB04_08,
P79,A,2,P79A02,Sc,OliverOsoyoos,2016,SB,4,9,2016SB04_09,
P79,B,2,P79B02,Sc,OliverOsoyoos,2016,SB,4,10,2016SB04_10,
P79,C,2,P79C02,Sc,OliverOsoyoos,2016,SB,4,11,2016SB04_11,
P79,D,2,P79D02,Sc,OliverOsoyoos,2016,SB,4,12,2016SB04_12,
P79,E,2,P79E02,Sc,OliverOsoyoos,2016,SB,4,13,2016SB04_13,
P79,F,2,P79F02,Sc,OliverOsoyoos,2016,SB,4,14,2016SB04_14,
P79,G,2,P79G02,Sc,OliverOsoyoos,2016,SB,4,15,2016SB04_15,
P79,H,2,P79H02,Sc,OliverOsoyoos,2016,SB,4,16,2016SB04_16,
P79,A,3,P79A03,Sc,OliverOsoyoos,2016,SB,4,17,2016SB04_17,
P79,B,3,P79B03,Sc,OliverOsoyoos,2016,SB,4,18,2016SB04_18,
P79,C,3,P79C03,Sc,OliverOsoyoos,2016,SB,4,19,2016SB04_19,
P79,D,3,P79D03,Sc,OliverOsoyoos,2016,SB,4,20,2016SB04_20,
P79,E,3,P79E03,Sc,OliverOsoyoos,2016,SB,4,21,2016SB04_21,
P79,F,3,P79F03,Sc,OliverOsoyoos,2016,SB,4,22,2016SB04_22,
P79,G,3,P79G03,Sc,OliverOsoyoos,2016,SB,4,23,2016SB04_23,
P79,H,3,P79H03,Sc,OliverOsoyoos,2016,SB,4,24,2016SB04_24,
P79,A,4,P79A04,Sc,OliverOsoyoos,2016,SB,4,25,2016SB04_25,
P79,B,4,P79B04,Sc,OliverOsoyoos,2016,SB,4,26,2016SB04_26,
P79,C,4,P79C04,Sc,OliverOsoyoos,2016,SB,4,27,2016SB04_27,
P79,D,4,P79D04,Sc,OliverOsoyoos,2016,SB,4,28,2016SB04_28,
P79,E,4,P79E04,Sc,OliverOsoyoos,2016,SB,4,29,2016SB04_29,
P79,F,4,P79F04,Sc,OliverOsoyoos,2016,SB,4,30,2016SB04_30,
P79,G,4,P79G04,Sc,OliverOsoyoos,2016,SB,4,31,2016SB04_31,
P79,H,4,P79H04,Sc,OliverOsoyoos,2016,SB,4,32,2016SB04_32,
P79,A,5,P79A05,Sc,OliverOsoyoos,2016,SB,4,33,2016SB04_33,
P79,B,5,P79B05,Sc,OliverOsoyoos,2016,SB,4,34,2016SB04_34,
P79,C,5,P79C05,Sc,OliverOsoyoos,2016,SB,4,35,2016SB04_35,
P79,D,5,P79D05,Sc,OliverOsoyoos,2016,SB,4,36,2016SB04_36,
P79,E,5,P79E05,Sc,OliverOsoyoos,2016,SB,4,37,2016SB04_37,
P79,F,5,P79F05,Sc,OliverOsoyoos,2016,SB,4,38,2016SB04_38,
P79,G,5,P79G05,Sc,OliverOsoyoos,2016,SB,4,39,2016SB04_39,
P79,H,5,P79H05,Sc,OliverOsoyoos,2016,SB,4,40,2016SB04_40,
P79,A,6,P79A06,Sc,OliverOsoyoos,2016,SB,4,41,2016SB04_41,
P79,B,6,P79B06,Sc,OliverOsoyoos,2016,SB,4,42,2016SB04_42,
P79,C,6,P79C06,Sc,OliverOsoyoos,2016,SB,4,43,2016SB04_43,
P79,D,6,P79D06,Sc,OliverOsoyoos,2016,SB,4,44,2016SB04_44,
P79,E,6,P79E06,Sc,OliverOsoyoos,2016,SB,4,45,2016SB04_45,
P79,F,6,P79F06,Sc,OliverOsoyoos,2016,SB,4,46,2016SB04_46,
P79,G,6,P79G06,Sc,OliverOsoyoos,2016,SB,4,47,2016SB04_47,
P79,H,6,P79H06,Sc,OliverOsoyoos,2016,SB,4,48,2016SB04_48,
P79,A,7,P79A07,Sc,OliverOsoyoos,2016,SB,6,1,2016SB06_01,
P79,B,7,P79B07,Sc,OliverOsoyoos,2016,SB,6,2,2016SB06_02,
P79,C,7,P79C07,Sc,OliverOsoyoos,2016,SB,6,3,2016SB06_03,
P79,D,7,P79D07,Sc,OliverOsoyoos,2016,SB,6,4,2016SB06_04,
P79,E,7,P79E07,Sc,OliverOsoyoos,2016,SB,6,5,2016SB06_05,
P79,F,7,P79F07,Sc,OliverOsoyoos,2016,SB,6,6,2016SB06_06,
P79,G,7,P79G07,Sc,OliverOsoyoos,2016,SB,6,7,2016SB06_07,
P79,H,7,P79H07,Sc,OliverOsoyoos,2016,SB,6,8,2016SB06_08,
P79,A,8,P79A08,Sc,OliverOsoyoos,2016,SB,6,9,2016SB06_09,
P79,B,8,P79B08,Sc,OliverOsoyoos,2016,SB,6,10,2016SB06_10,
P79,C,8,P79C08,Sc,OliverOsoyoos,2016,SB,6,11,2016SB06_11,
P79,D,8,P79D08,Sc,OliverOsoyoos,2016,SB,6,12,2016SB06_12,
P79,E,8,P79E08,Sc,OliverOsoyoos,2016,SB,6,13,2016SB06_13,
P79,F,8,P79F08,Sc,OliverOsoyoos,2016,SB,6,14,2016SB06_14,
P79,G,8,P79G08,Sc,OliverOsoyoos,2016,SB,6,15,2016SB06_15,
P79,H,8,P79H08,Sc,OliverOsoyoos,2016,SB,6,16,2016SB06_16,
P79,A,9,P79A09,Sc,OliverOsoyoos,2016,SB,6,17,2016SB06_17,
P79,B,9,P79B09,Sc,OliverOsoyoos,2016,SB,6,18,2016SB06_18,
P79,C,9,P79C09,Sc,OliverOsoyoos,2016,SB,6,19,2016SB06_19,
P79,D,9,P79D09,Sc,OliverOsoyoos,2016,SB,6,20,2016SB06_20,
P79,E,9,P79E09,Sc,OliverOsoyoos,2016,SB,6,21,2016SB06_21,
P79,F,9,P79F09,Sc,OliverOsoyoos,2016,SB,6,22,2016SB06_22,
P79,G,9,P79G09,Sc,OliverOsoyoos,2016,SB,6,23,2016SB06_23,
P79,H,9,P79H09,Sc,OliverOsoyoos,2016,SB,6,24,2016SB06_24,
P79,A,10,P79A10,Sc,OliverOsoyoos,2016,SB,6,25,2016SB06_25,
P79,B,10,P79B10,Sc,OliverOsoyoos,2016,SB,6,26,2016SB06_26,
P79,C,10,P79C10,Sc,OliverOsoyoos,2016,SB,6,27,2016SB06_27,
P79,D,10,P79D10,Sc,OliverOsoyoos,2016,SB,6,28,2016SB06_28,
P79,E,10,P79E10,Sc,OliverOsoyoos,2016,SB,6,29,2016SB06_29,
P79,F,10,P79F10,Sc,OliverOsoyoos,2016,SB,6,30,2016SB06_30,
P79,G,10,P79G10,Sc,OliverOsoyoos,2016,SB,6,31,2016SB06_31,
P79,H,10,P79H10,Sc,OliverOsoyoos,2016,SB,6,32,2016SB06_32,
P79,A,11,P79A11,Sc,OliverOsoyoos,2016,SB,6,33,2016SB06_33,
P79,B,11,P79B11,Sc,OliverOsoyoos,2016,SB,6,34,2016SB06_34,
P79,C,11,P79C11,Sc,OliverOsoyoos,2016,SB,6,35,2016SB06_35,
P79,D,11,P79D11,Sc,OliverOsoyoos,2016,SB,6,36,2016SB06_36,
P79,E,11,P79E11,Sc,OliverOsoyoos,2016,SB,6,37,2016SB06_37,
P79,F,11,P79F11,Sc,OliverOsoyoos,2016,SB,6,38,2016SB06_38,
P79,G,11,P79G11,Sc,OliverOsoyoos,2016,SB,6,39,2016SB06_39,
P79,H,11,P79H11,Sc,OliverOsoyoos,2016,SB,6,40,2016SB06_40,
P79,A,12,P79A12,Sc,OliverOsoyoos,2016,SB,6,41,2016SB06_41,
P79,B,12,P79B12,Sc,OliverOsoyoos,2016,SB,6,42,2016SB06_42,
P79,C,12,P79C12,Sc,OliverOsoyoos,2016,SB,6,43,2016SB06_43,
P79,D,12,P79D12,Sc,OliverOsoyoos,2016,SB,6,44,2016SB06_44,
P79,E,12,P79E12,Sc,OliverOsoyoos,2016,SB,6,45,2016SB06_45,
P79,F,12,P79F12,Sc,OliverOsoyoos,2016,SB,6,46,2016SB06_46,
P80,A,1,P80A01,Sc,OliverOsoyoos,2016,MHA,2,1,2016MHA02_01,
P80,B,1,P80B01,Sc,OliverOsoyoos,2016,MHA,2,2,2016MHA02_02,
P80,C,1,P80C01,Sc,OliverOsoyoos,2016,MHA,2,3,2016MHA02_03,
P80,D,1,P80D01,Sc,OliverOsoyoos,2016,MHA,2,4,2016MHA02_04,
P80,E,1,P80E01,Sc,OliverOsoyoos,2016,MHA,2,5,2016MHA02_05,
P80,F,1,P80F01,Sc,OliverOsoyoos,2016,MHA,2,6,2016MHA02_06,
P80,G,1,P80G01,Sc,OliverOsoyoos,2016,MHA,2,7,2016MHA02_07,
P80,H,1,P80H01,Sc,OliverOsoyoos,2016,MHA,2,8,2016MHA02_08,
P80,A,2,P80A02,Sc,OliverOsoyoos,2016,MHA,2,9,2016MHA02_09,
P80,B,2,P80B02,Sc,OliverOsoyoos,2016,MHA,2,10,2016MHA02_10,
P80,C,2,P80C02,Sc,OliverOsoyoos,2016,MHA,2,11,2016MHA02_11,
P80,D,2,P80D02,Sc,OliverOsoyoos,2016,MHA,2,12,2016MHA02_12,
P80,E,2,P80E02,Sc,OliverOsoyoos,2016,MHA,2,13,2016MHA02_13,
P80,F,2,P80F02,Sc,OliverOsoyoos,2016,MHA,2,14,2016MHA02_14,
P80,G,2,P80G02,Sc,OliverOsoyoos,2016,MHA,2,15,2016MHA02_15,
P80,H,2,P80H02,Sc,OliverOsoyoos,2016,MHA,2,16,2016MHA02_16,
P80,A,3,P80A03,Sc,OliverOsoyoos,2016,MHA,2,17,2016MHA02_17,
P80,B,3,P80B03,Sc,OliverOsoyoos,2016,MHA,2,18,2016MHA02_18,
P80,C,3,P80C03,Sc,OliverOsoyoos,2016,MHA,2,19,2016MHA02_19,
P80,D,3,P80D03,Sc,OliverOsoyoos,2016,MHA,2,20,2016MHA02_20,
P80,E,3,P80E03,Sc,OliverOsoyoos,2016,MHA,2,21,2016MHA02_21,
P80,F,3,P80F03,Sc,OliverOsoyoos,2016,MHA,2,22,2016MHA02_22,
P80,G,3,P80G03,Sc,OliverOsoyoos,2016,MHA,2,23,2016MHA02_23,
P80,H,3,P80H03,Sc,OliverOsoyoos,2016,MHA,2,24,2016MHA02_24,
P80,A,4,P80A04,Sc,OliverOsoyoos,2016,MHA,2,25,2016MHA02_25,
P80,B,4,P80B04,Sc,OliverOsoyoos,2016,MHA,2,26,2016MHA02_26,
P80,C,4,P80C04,Sc,OliverOsoyoos,2016,MHA,2,27,2016MHA02_27,
P80,D,4,P80D04,Sc,OliverOsoyoos,2016,MHA,2,28,2016MHA02_28,
P80,E,4,P80E04,Sc,OliverOsoyoos,2016,MHA,2,29,2016MHA02_29,
P80,F,4,P80F04,Sc,OliverOsoyoos,2016,MHA,2,30,2016MHA02_30,
P80,G,4,P80G04,Sc,OliverOsoyoos,2016,MHA,2,31,2016MHA02_31,
P80,H,4,P80H04,Sc,OliverOsoyoos,2016,MHA,2,32,2016MHA02_32,
P80,A,5,P80A05,Sc,OliverOsoyoos,2016,MHA,2,33,2016MHA02_33,
P80,B,5,P80B05,Sc,OliverOsoyoos,2016,MHA,2,34,2016MHA02_34,
P80,C,5,P80C05,Sc,OliverOsoyoos,2016,MHA,2,35,2016MHA02_35,
P80,D,5,P80D05,Sc,OliverOsoyoos,2016,MHA,2,36,2016MHA02_36,
P80,E,5,P80E05,Sc,OliverOsoyoos,2016,MHA,2,37,2016MHA02_37,
P80,F,5,P80F05,Sc,OliverOsoyoos,2016,MHA,2,38,2016MHA02_38,
P80,G,5,P80G05,Sc,OliverOsoyoos,2016,MHA,2,39,2016MHA02_39,
P80,H,5,P80H05,Sc,OliverOsoyoos,2016,MHA,2,40,2016MHA02_40,
P80,A,6,P80A06,Sc,OliverOsoyoos,2016,MHA,2,41,2016MHA02_41,
P80,B,6,P80B06,Sc,OliverOsoyoos,2016,MHA,2,42,2016MHA02_42,
P80,C,6,P80C06,Sc,OliverOsoyoos,2016,MHA,2,43,2016MHA02_43,
P80,D,6,P80D06,Sc,OliverOsoyoos,2016,MHA,2,44,2016MHA02_44,
P80,E,6,P80E06,Sc,OliverOsoyoos,2016,MHA,2,45,2016MHA02_45,
P80,F,6,P80F06,Sc,OliverOsoyoos,2016,MHA,2,46,2016MHA02_46,
P80,G,6,P80G06,Sc,OliverOsoyoos,2016,MHA,2,47,2016MHA02_47,
P80,H,6,P80H06,Sc,OliverOsoyoos,2016,MHA,2,48,2016MHA02_48,
P80,A,7,P80A07,Sc,OliverOsoyoos,2016,MHA,3,1,2016MHA03_01,
P80,B,7,P80B07,Sc,OliverOsoyoos,2016,MHA,3,2,2016MHA03_02,
P80,C,7,P80C07,Sc,OliverOsoyoos,2016,MHA,3,3,2016MHA03_03,
P80,D,7,P80D07,Sc,OliverOsoyoos,2016,MHA,3,4,2016MHA03_04,
P80,E,7,P80E07,Sc,OliverOsoyoos,2016,MHA,3,5,2016MHA03_05,
P80,F,7,P80F07,Sc,OliverOsoyoos,2016,MHA,3,6,2016MHA03_06,
P80,G,7,P80G07,Sc,OliverOsoyoos,2016,MHA,3,7,2016MHA03_07,
P80,H,7,P80H07,Sc,OliverOsoyoos,2016,MHA,3,8,2016MHA03_08,
P80,A,8,P80A08,Sc,OliverOsoyoos,2016,MHA,3,9,2016MHA03_09,
P80,B,8,P80B08,Sc,OliverOsoyoos,2016,MHA,3,10,2016MHA03_10,
P80,C,8,P80C08,Sc,OliverOsoyoos,2016,MHA,3,11,2016MHA03_11,
P80,D,8,P80D08,Sc,OliverOsoyoos,2016,MHA,3,12,2016MHA03_12,
P80,E,8,P80E08,Sc,OliverOsoyoos,2016,MHA,3,13,2016MHA03_13,
P80,F,8,P80F08,Sc,OliverOsoyoos,2016,MHA,3,14,2016MHA03_14,
P80,G,8,P80G08,Sc,OliverOsoyoos,2016,MHA,3,15,2016MHA03_15,
P80,H,8,P80H08,Sc,OliverOsoyoos,2016,MHA,3,16,2016MHA03_16,
P80,A,9,P80A09,Sc,OliverOsoyoos,2016,MHA,3,17,2016MHA03_17,
P80,B,9,P80B09,Sc,OliverOsoyoos,2016,MHA,3,18,2016MHA03_18,
P80,C,9,P80C09,Sc,OliverOsoyoos,2016,MHA,3,19,2016MHA03_19,
P80,D,9,P80D09,Sc,OliverOsoyoos,2016,MHA,3,20,2016MHA03_20,
P80,E,9,P80E09,Sc,OliverOsoyoos,2016,MHA,3,21,2016MHA03_21,
P80,F,9,P80F09,Sc,OliverOsoyoos,2016,MHA,3,22,2016MHA03_22,
P80,G,9,P80G09,Sc,OliverOsoyoos,2016,MHA,3,23,2016MHA03_23,
P80,H,9,P80H09,Sc,OliverOsoyoos,2016,MHA,3,24,2016MHA03_24,
P80,A,10,P80A10,Sc,OliverOsoyoos,2016,MHA,3,25,2016MHA03_25,
P80,B,10,P80B10,Sc,OliverOsoyoos,2016,MHA,3,26,2016MHA03_26,
P80,C,10,P80C10,Sc,OliverOsoyoos,2016,MHA,3,27,2016MHA03_27,
P80,D,10,P80D10,Sc,OliverOsoyoos,2016,MHA,3,28,2016MHA03_28,
P80,E,10,P80E10,Sc,OliverOsoyoos,2016,MHA,3,29,2016MHA03_29,
P80,F,10,P80F10,Sc,OliverOsoyoos,2016,MHA,3,30,2016MHA03_30,
P80,G,10,P80G10,Sc,OliverOsoyoos,2016,MHA,3,31,2016MHA03_31,
P80,H,10,P80H10,Sc,OliverOsoyoos,2016,MHA,3,32,2016MHA03_32,
P80,A,11,P80A11,Sc,OliverOsoyoos,2016,MHA,3,33,2016MHA03_33,
P80,B,11,P80B11,Sc,OliverOsoyoos,2016,MHA,3,34,2016MHA03_34,
P80,C,11,P80C11,Sc,OliverOsoyoos,2016,MHA,3,35,2016MHA03_35,
P80,D,11,P80D11,Sc,OliverOsoyoos,2016,MHA,3,36,2016MHA03_36,
P80,E,11,P80E11,Sc,OliverOsoyoos,2016,MHA,3,37,2016MHA03_37,
P80,F,11,P80F11,Sc,OliverOsoyoos,2016,MHA,3,38,2016MHA03_38,
P80,G,11,P80G11,Sc,OliverOsoyoos,2016,MHA,3,39,2016MHA03_39,
P80,H,11,P80H11,Sc,OliverOsoyoos,2016,MHA,3,40,2016MHA03_40,
P80,A,12,P80A12,Sc,OliverOsoyoos,2016,MHA,3,41,2016MHA03_41,
P80,B,12,P80B12,Sc,OliverOsoyoos,2016,MHA,3,42,2016MHA03_42,
P80,C,12,P80C12,Sc,OliverOsoyoos,2016,MHA,3,43,2016MHA03_43,
P80,D,12,P80D12,Sc,OliverOsoyoos,2016,MHA,3,44,2016MHA03_44,
P80,E,12,P80E12,Sc,OliverOsoyoos,2016,MHA,3,45,2016MHA03_45,
P80,F,12,P80F12,Sc,OliverOsoyoos,2016,MHA,3,46,2016MHA03_46,
P81,A,1,P81A01,Sc,OliverOsoyoos,2016,MHA,4,1,2016MHA04_01,
P81,B,1,P81B01,Sc,OliverOsoyoos,2016,MHA,4,2,2016MHA04_02,
P81,C,1,P81C01,Sc,OliverOsoyoos,2016,MHA,4,3,2016MHA04_03,
P81,D,1,P81D01,Sc,OliverOsoyoos,2016,MHA,4,4,2016MHA04_04,
P81,E,1,P81E01,Sc,OliverOsoyoos,2016,MHA,4,5,2016MHA04_05,
P81,F,1,P81F01,Sc,OliverOsoyoos,2016,MHA,4,6,2016MHA04_06,
P81,G,1,P81G01,Sc,OliverOsoyoos,2016,MHA,4,7,2016MHA04_07,
P81,H,1,P81H01,Sc,OliverOsoyoos,2016,MHA,4,8,2016MHA04_08,
P81,A,2,P81A02,Sc,OliverOsoyoos,2016,MHA,4,9,2016MHA04_09,
P81,B,2,P81B02,Sc,OliverOsoyoos,2016,MHA,4,10,2016MHA04_10,
P81,C,2,P81C02,Sc,OliverOsoyoos,2016,MHA,4,11,2016MHA04_11,
P81,D,2,P81D02,Sc,OliverOsoyoos,2016,MHA,4,12,2016MHA04_12,
P81,E,2,P81E02,Sc,OliverOsoyoos,2016,MHA,4,13,2016MHA04_13,
P81,F,2,P81F02,Sc,OliverOsoyoos,2016,MHA,4,14,2016MHA04_14,
P81,G,2,P81G02,Sc,OliverOsoyoos,2016,MHA,4,15,2016MHA04_15,
P81,H,2,P81H02,Sc,OliverOsoyoos,2016,MHA,4,16,2016MHA04_16,
P81,A,3,P81A03,Sc,OliverOsoyoos,2016,MHA,4,17,2016MHA04_17,
P81,B,3,P81B03,Sc,OliverOsoyoos,2016,MHA,4,18,2016MHA04_18,
P81,C,3,P81C03,Sc,OliverOsoyoos,2016,MHA,4,19,2016MHA04_19,
P81,D,3,P81D03,Sc,OliverOsoyoos,2016,MHA,4,20,2016MHA04_20,
P81,E,3,P81E03,Sc,OliverOsoyoos,2016,MHA,4,21,2016MHA04_21,
P81,F,3,P81F03,Sc,OliverOsoyoos,2016,MHA,4,22,2016MHA04_22,
P81,G,3,P81G03,Sc,OliverOsoyoos,2016,MHA,4,23,2016MHA04_23,
P81,H,3,P81H03,Sc,OliverOsoyoos,2016,MHA,4,24,2016MHA04_24,
P81,A,4,P81A04,Sc,OliverOsoyoos,2016,MHA,4,25,2016MHA04_25,
P81,B,4,P81B04,Sc,OliverOsoyoos,2016,MHA,4,26,2016MHA04_26,
P81,C,4,P81C04,Sc,OliverOsoyoos,2016,MHA,4,27,2016MHA04_27,
P81,D,4,P81D04,Sc,OliverOsoyoos,2016,MHA,4,28,2016MHA04_28,
P81,E,4,P81E04,Sc,OliverOsoyoos,2016,MHA,4,29,2016MHA04_29,
P81,F,4,P81F04,Sc,OliverOsoyoos,2016,MHA,4,30,2016MHA04_30,
P81,G,4,P81G04,Sc,OliverOsoyoos,2016,MHA,4,31,2016MHA04_31,
P81,H,4,P81H04,Sc,OliverOsoyoos,2016,MHA,4,32,2016MHA04_32,
P81,A,5,P81A05,Sc,OliverOsoyoos,2016,MHA,4,33,2016MHA04_33,
P81,B,5,P81B05,Sc,OliverOsoyoos,2016,MHA,4,34,2016MHA04_34,
P81,C,5,P81C05,Sc,OliverOsoyoos,2016,MHA,4,35,2016MHA04_35,
P81,D,5,P81D05,Sc,OliverOsoyoos,2016,MHA,4,36,2016MHA04_36,
P81,E,5,P81E05,Sc,OliverOsoyoos,2016,MHA,4,37,2016MHA04_37,
P81,F,5,P81F05,Sc,OliverOsoyoos,2016,MHA,4,38,2016MHA04_38,
P81,G,5,P81G05,Sc,OliverOsoyoos,2016,MHA,4,39,2016MHA04_39,
P81,H,5,P81H05,Sc,OliverOsoyoos,2016,MHA,4,40,2016MHA04_40,
P81,A,6,P81A06,Sc,OliverOsoyoos,2016,MHA,4,41,2016MHA04_41,
P81,B,6,P81B06,Sc,OliverOsoyoos,2016,MHA,4,42,2016MHA04_42,
P81,C,6,P81C06,Sc,OliverOsoyoos,2016,MHA,4,43,2016MHA04_43,
P81,D,6,P81D06,Sc,OliverOsoyoos,2016,MHA,4,44,2016MHA04_44,
P81,E,6,P81E06,Sc,OliverOsoyoos,2016,MHA,4,45,2016MHA04_45,
P81,F,6,P81F06,Sc,OliverOsoyoos,2016,MHA,4,46,2016MHA04_46,
P81,G,6,P81G06,Sc,OliverOsoyoos,2016,MHA,4,47,2016MHA04_47,
P81,H,6,P81H06,Sc,OliverOsoyoos,2016,MHA,4,48,2016MHA04_48,
P81,A,7,P81A07,Sc,OliverOsoyoos,2016,TN,1,1,2016TN01_01,
P81,B,7,P81B07,Sc,OliverOsoyoos,2016,TN,1,2,2016TN01_02,
P81,C,7,P81C07,Sc,OliverOsoyoos,2016,TN,1,3,2016TN01_03,
P81,D,7,P81D07,Sc,OliverOsoyoos,2016,TN,1,4,2016TN01_04,
P81,E,7,P81E07,Sc,OliverOsoyoos,2016,TN,1,5,2016TN01_05,
P81,F,7,P81F07,Sc,OliverOsoyoos,2016,TN,1,6,2016TN01_06,
P81,G,7,P81G07,Sc,OliverOsoyoos,2016,TN,1,7,2016TN01_07,
P81,H,7,P81H07,Sc,OliverOsoyoos,2016,TN,1,8,2016TN01_08,
P81,A,8,P81A08,Sc,OliverOsoyoos,2016,TN,1,9,2016TN01_09,
P81,B,8,P81B08,Sc,OliverOsoyoos,2016,TN,1,10,2016TN01_10,
P81,C,8,P81C08,Sc,OliverOsoyoos,2016,TN,1,11,2016TN01_11,
P81,D,8,P81D08,Sc,OliverOsoyoos,2016,TN,1,12,2016TN01_12,
P81,E,8,P81E08,Sc,OliverOsoyoos,2016,TN,1,13,2016TN01_13,
P81,F,8,P81F08,Sc,OliverOsoyoos,2016,TN,1,14,2016TN01_14,
P81,G,8,P81G08,Sc,OliverOsoyoos,2016,TN,1,15,2016TN01_15,
P81,H,8,P81H08,Sc,OliverOsoyoos,2016,TN,1,16,2016TN01_16,
P81,A,9,P81A09,Sc,OliverOsoyoos,2016,TN,1,17,2016TN01_17,
P81,B,9,P81B09,Sc,OliverOsoyoos,2016,TN,1,18,2016TN01_18,
P81,C,9,P81C09,Sc,OliverOsoyoos,2016,TN,1,19,2016TN01_19,
P81,D,9,P81D09,Sc,OliverOsoyoos,2016,TN,1,20,2016TN01_20,
P81,E,9,P81E09,Sc,OliverOsoyoos,2016,TN,1,21,2016TN01_21,
P81,F,9,P81F09,Sc,OliverOsoyoos,2016,TN,1,22,2016TN01_22,
P81,G,9,P81G09,Sc,OliverOsoyoos,2016,TN,1,23,2016TN01_23,
P81,H,9,P81H09,Sc,OliverOsoyoos,2016,TN,1,24,2016TN01_24,
P81,A,10,P81A10,Sc,OliverOsoyoos,2016,TN,1,25,2016TN01_25,
P81,B,10,P81B10,Sc,OliverOsoyoos,2016,TN,1,26,2016TN01_26,
P81,C,10,P81C10,Sc,OliverOsoyoos,2016,TN,1,27,2016TN01_27,
P81,D,10,P81D10,Sc,OliverOsoyoos,2016,TN,1,28,2016TN01_28,
P81,E,10,P81E10,Sc,OliverOsoyoos,2016,TN,1,29,2016TN01_29,
P81,F,10,P81F10,Sc,OliverOsoyoos,2016,TN,1,30,2016TN01_30,
P81,G,10,P81G10,Sc,OliverOsoyoos,2016,TN,1,31,2016TN01_31,
P81,H,10,P81H10,Sc,OliverOsoyoos,2016,TN,1,32,2016TN01_32,
P81,A,11,P81A11,Sc,OliverOsoyoos,2016,TN,1,33,2016TN01_33,
P81,B,11,P81B11,Sc,OliverOsoyoos,2016,TN,1,34,2016TN01_34,
P81,C,11,P81C11,Sc,OliverOsoyoos,2016,TN,1,35,2016TN01_35,
P81,D,11,P81D11,Sc,OliverOsoyoos,2016,TN,1,36,2016TN01_36,
P81,E,11,P81E11,Sc,OliverOsoyoos,2016,TN,1,37,2016TN01_37,
P81,F,11,P81F11,Sc,OliverOsoyoos,2016,TN,1,38,2016TN01_38,
P81,G,11,P81G11,Sc,OliverOsoyoos,2016,TN,1,39,2016TN01_39,
P81,H,11,P81H11,Sc,OliverOsoyoos,2016,TN,1,40,2016TN01_40,
P81,A,12,P81A12,Sc,OliverOsoyoos,2016,TN,1,41,2016TN01_41,
P81,B,12,P81B12,Sc,OliverOsoyoos,2016,TN,1,42,2016TN01_42,
P81,C,12,P81C12,Sc,OliverOsoyoos,2016,TN,1,43,2016TN01_43,
P81,D,12,P81D12,Sc,OliverOsoyoos,2016,TN,1,44,2016TN01_44,
P81,E,12,P81E12,Sc,OliverOsoyoos,2016,TN,1,45,2016TN01_45,
P81,F,12,P81F12,Sc,OliverOsoyoos,2016,TN,1,46,2016TN01_46,
P82,A,1,P82A01,Sc,OliverOsoyoos,2016,TN,3,1,2016TN03_01,
P82,B,1,P82B01,Sc,OliverOsoyoos,2016,TN,3,2,2016TN03_02,
P82,C,1,P82C01,Sc,OliverOsoyoos,2016,TN,3,3,2016TN03_03,
P82,D,1,P82D01,Sc,OliverOsoyoos,2016,TN,3,4,2016TN03_04,
P82,E,1,P82E01,Sc,OliverOsoyoos,2016,TN,3,5,2016TN03_05,
P82,F,1,P82F01,Sc,OliverOsoyoos,2016,TN,3,6,2016TN03_06,
P82,G,1,P82G01,Sc,OliverOsoyoos,2016,TN,3,7,2016TN03_07,
P82,H,1,P82H01,Sc,OliverOsoyoos,2016,TN,3,8,2016TN03_08,
P82,A,2,P82A02,Sc,OliverOsoyoos,2016,TN,3,9,2016TN03_09,
P82,B,2,P82B02,Sc,OliverOsoyoos,2016,TN,3,10,2016TN03_10,
P82,C,2,P82C02,Sc,OliverOsoyoos,2016,TN,3,11,2016TN03_11,
P82,D,2,P82D02,Sc,OliverOsoyoos,2016,TN,3,12,2016TN03_12,
P82,E,2,P82E02,Sc,OliverOsoyoos,2016,TN,3,13,2016TN03_13,
P82,F,2,P82F02,Sc,OliverOsoyoos,2016,TN,3,14,2016TN03_14,
P82,G,2,P82G02,Sc,OliverOsoyoos,2016,TN,3,15,2016TN03_15,
P82,H,2,P82H02,Sc,OliverOsoyoos,2016,TN,3,16,2016TN03_16,
P82,A,3,P82A03,Sc,OliverOsoyoos,2016,TN,3,17,2016TN03_17,
P82,B,3,P82B03,Sc,OliverOsoyoos,2016,TN,3,18,2016TN03_18,
P82,C,3,P82C03,Sc,OliverOsoyoos,2016,TN,3,19,2016TN03_19,
P82,D,3,P82D03,Sc,OliverOsoyoos,2016,TN,3,20,2016TN03_20,
P82,E,3,P82E03,Sc,OliverOsoyoos,2016,TN,3,21,2016TN03_21,
P82,F,3,P82F03,Sc,OliverOsoyoos,2016,TN,3,22,2016TN03_22,
P82,G,3,P82G03,Sc,OliverOsoyoos,2016,TN,3,23,2016TN03_23,
P82,H,3,P82H03,Sc,OliverOsoyoos,2016,TN,3,24,2016TN03_24,
P82,A,4,P82A04,Sc,OliverOsoyoos,2016,TN,3,25,2016TN03_25,
P82,B,4,P82B04,Sc,OliverOsoyoos,2016,TN,3,26,2016TN03_26,
P82,C,4,P82C04,Sc,OliverOsoyoos,2016,TN,3,27,2016TN03_27,
P82,D,4,P82D04,Sc,OliverOsoyoos,2016,TN,3,28,2016TN03_28,
P82,E,4,P82E04,Sc,OliverOsoyoos,2016,TN,3,29,2016TN03_29,
P82,F,4,P82F04,Sc,OliverOsoyoos,2016,TN,3,30,2016TN03_30,
P82,G,4,P82G04,Sc,OliverOsoyoos,2016,TN,3,31,2016TN03_31,
P82,H,4,P82H04,Sc,OliverOsoyoos,2016,TN,3,32,2016TN03_32,
P82,A,5,P82A05,Sc,OliverOsoyoos,2016,TN,3,33,2016TN03_33,
P82,B,5,P82B05,Sc,OliverOsoyoos,2016,TN,3,34,2016TN03_34,
P82,C,5,P82C05,Sc,OliverOsoyoos,2016,TN,3,35,2016TN03_35,
P82,D,5,P82D05,Sc,OliverOsoyoos,2016,TN,3,36,2016TN03_36,
P82,E,5,P82E05,Sc,OliverOsoyoos,2016,TN,3,37,2016TN03_37,
P82,F,5,P82F05,Sc,OliverOsoyoos,2016,TN,3,38,2016TN03_38,
P82,G,5,P82G05,Sc,OliverOsoyoos,2016,TN,3,39,2016TN03_39,
P82,H,5,P82H05,Sc,OliverOsoyoos,2016,TN,3,40,2016TN03_40,
P82,A,6,P82A06,Sc,OliverOsoyoos,2016,TN,3,41,2016TN03_41,
P82,B,6,P82B06,Sc,OliverOsoyoos,2016,TN,3,42,2016TN03_42,
P82,C,6,P82C06,Sc,OliverOsoyoos,2016,TN,3,43,2016TN03_43,
P82,D,6,P82D06,Sc,OliverOsoyoos,2016,TN,3,44,2016TN03_44,
P82,E,6,P82E06,Sc,OliverOsoyoos,2016,TN,3,45,2016TN03_45,
P82,F,6,P82F06,Sc,OliverOsoyoos,2016,TN,3,46,2016TN03_46,
P82,G,6,P82G06,Sc,OliverOsoyoos,2016,TN,3,47,2016TN03_47,
P82,H,6,P82H06,Sc,OliverOsoyoos,2016,TN,3,48,2016TN03_48,
P82,A,7,P82A07,Sc,OliverOsoyoos,2016,TN,5,1,2016TN05_01,
P82,B,7,P82B07,Sc,OliverOsoyoos,2016,TN,5,2,2016TN05_02,
P82,C,7,P82C07,Sc,OliverOsoyoos,2016,TN,5,3,2016TN05_03,
P82,D,7,P82D07,Sc,OliverOsoyoos,2016,TN,5,4,2016TN05_04,
P82,E,7,P82E07,Sc,OliverOsoyoos,2016,TN,5,5,2016TN05_05,
P82,F,7,P82F07,Sc,OliverOsoyoos,2016,TN,5,6,2016TN05_06,
P82,G,7,P82G07,Sc,OliverOsoyoos,2016,TN,5,7,2016TN05_07,
P82,H,7,P82H07,Sc,OliverOsoyoos,2016,TN,5,8,2016TN05_08,
P82,A,8,P82A08,Sc,OliverOsoyoos,2016,TN,5,9,2016TN05_09,
P82,B,8,P82B08,Sc,OliverOsoyoos,2016,TN,5,10,2016TN05_10,
P82,C,8,P82C08,Sc,OliverOsoyoos,2016,TN,5,11,2016TN05_11,
P82,D,8,P82D08,Sc,OliverOsoyoos,2016,TN,5,12,2016TN05_12,
P82,E,8,P82E08,Sc,OliverOsoyoos,2016,TN,5,13,2016TN05_13,
P82,F,8,P82F08,Sc,OliverOsoyoos,2016,TN,5,14,2016TN05_14,
P82,G,8,P82G08,Sc,OliverOsoyoos,2016,TN,5,15,2016TN05_15,
P82,H,8,P82H08,Sc,OliverOsoyoos,2016,TN,5,16,2016TN05_16,
P82,A,9,P82A09,Sc,OliverOsoyoos,2016,TN,5,17,2016TN05_17,
P82,B,9,P82B09,Sc,OliverOsoyoos,2016,TN,5,18,2016TN05_18,
P82,C,9,P82C09,Sc,OliverOsoyoos,2016,TN,5,19,2016TN05_19,
P82,D,9,P82D09,Sc,OliverOsoyoos,2016,TN,5,20,2016TN05_20,
P82,E,9,P82E09,Sc,OliverOsoyoos,2016,TN,5,21,2016TN05_21,
P82,F,9,P82F09,Sc,OliverOsoyoos,2016,TN,5,22,2016TN05_22,
P82,G,9,P82G09,Sc,OliverOsoyoos,2016,TN,5,23,2016TN05_23,
P82,H,9,P82H09,Sc,OliverOsoyoos,2016,TN,5,24,2016TN05_24,
P82,A,10,P82A10,Sc,OliverOsoyoos,2016,TN,5,25,2016TN05_25,
P82,B,10,P82B10,Sc,OliverOsoyoos,2016,TN,5,26,2016TN05_26,
P82,C,10,P82C10,Sc,OliverOsoyoos,2016,TN,5,27,2016TN05_27,
P82,D,10,P82D10,Sc,OliverOsoyoos,2016,TN,5,28,2016TN05_28,
P82,E,10,P82E10,Sc,OliverOsoyoos,2016,TN,5,29,2016TN05_29,
P82,F,10,P82F10,Sc,OliverOsoyoos,2016,TN,5,30,2016TN05_30,
P82,G,10,P82G10,Sc,OliverOsoyoos,2016,TN,5,31,2016TN05_31,
P82,H,10,P82H10,Sc,OliverOsoyoos,2016,TN,5,32,2016TN05_32,
P82,A,11,P82A11,Sc,OliverOsoyoos,2016,TN,5,33,2016TN05_33,
P82,B,11,P82B11,Sc,OliverOsoyoos,2016,TN,5,34,2016TN05_34,
P82,C,11,P82C11,Sc,OliverOsoyoos,2016,TN,5,35,2016TN05_35,
P82,D,11,P82D11,Sc,OliverOsoyoos,2016,TN,5,36,2016TN05_36,
P82,E,11,P82E11,Sc,OliverOsoyoos,2016,TN,5,37,2016TN05_37,
P82,F,11,P82F11,Sc,OliverOsoyoos,2016,TN,5,38,2016TN05_38,
P82,G,11,P82G11,Sc,OliverOsoyoos,2016,TN,5,39,2016TN05_39,
P82,H,11,P82H11,Sc,OliverOsoyoos,2016,TN,5,40,2016TN05_40,
P82,A,12,P82A12,Sc,OliverOsoyoos,2016,TN,5,41,2016TN05_41,
P82,B,12,P82B12,Sc,OliverOsoyoos,2016,TN,5,42,2016TN05_42,
P82,C,12,P82C12,Sc,OliverOsoyoos,2016,TN,5,43,2016TN05_43,
P82,D,12,P82D12,Sc,OliverOsoyoos,2016,TN,5,44,2016TN05_44,
P82,E,12,P82E12,Sc,OliverOsoyoos,2016,TN,5,45,2016TN05_45,
P82,F,12,P82F12,Sc,OliverOsoyoos,2016,TN,5,46,2016TN05_46,
P83,A,1,P83A01,Sc,Kelowna,2016,TA,1,1,2016TA01_01,
P83,B,1,P83B01,Sc,Kelowna,2016,TA,1,2,2016TA01_02,
P83,C,1,P83C01,Sc,Kelowna,2016,TA,1,3,2016TA01_03,
P83,D,1,P83D01,Sc,Kelowna,2016,TA,1,4,2016TA01_04,
P83,E,1,P83E01,Sc,Kelowna,2016,TA,1,5,2016TA01_05,
P83,F,1,P83F01,Sc,Kelowna,2016,TA,1,6,2016TA01_06,
P83,G,1,P83G01,Sc,Kelowna,2016,TA,1,7,2016TA01_07,
P83,H,1,P83H01,Sc,Kelowna,2016,TA,1,8,2016TA01_08,
P83,A,2,P83A02,Sc,Kelowna,2016,TA,1,9,2016TA01_09,
P83,B,2,P83B02,Sc,Kelowna,2016,TA,1,10,2016TA01_10,
P83,C,2,P83C02,Sc,Kelowna,2016,TA,1,11,2016TA01_11,
P83,D,2,P83D02,Sc,Kelowna,2016,TA,1,12,2016TA01_12,
P83,E,2,P83E02,Sc,Kelowna,2016,TA,1,13,2016TA01_13,
P83,F,2,P83F02,Sc,Kelowna,2016,TA,1,14,2016TA01_14,
P83,G,2,P83G02,Sc,Kelowna,2016,TA,1,15,2016TA01_15,
P83,H,2,P83H02,Sc,Kelowna,2016,TA,1,16,2016TA01_16,
P83,A,3,P83A03,Sc,Kelowna,2016,TA,1,17,2016TA01_17,
P83,B,3,P83B03,Sc,Kelowna,2016,TA,1,18,2016TA01_18,
P83,C,3,P83C03,Sc,Kelowna,2016,TA,1,19,2016TA01_19,
P83,D,3,P83D03,Sc,Kelowna,2016,TA,1,20,2016TA01_20,
P83,E,3,P83E03,Sc,Kelowna,2016,TA,1,21,2016TA01_21,
P83,F,3,P83F03,Sc,Kelowna,2016,TA,1,22,2016TA01_22,
P83,G,3,P83G03,Sc,Kelowna,2016,TA,1,23,2016TA01_23,
P83,H,3,P83H03,Sc,Kelowna,2016,TA,1,24,2016TA01_24,
P83,A,4,P83A04,Sc,Kelowna,2016,TA,1,25,2016TA01_25,
P83,B,4,P83B04,Sc,Kelowna,2016,TA,1,26,2016TA01_26,
P83,C,4,P83C04,Sc,Kelowna,2016,TA,1,27,2016TA01_27,
P83,D,4,P83D04,Sc,Kelowna,2016,TA,1,28,2016TA01_28,
P83,E,4,P83E04,Sc,Kelowna,2016,TA,1,29,2016TA01_29,
P83,F,4,P83F04,Sc,Kelowna,2016,TA,1,30,2016TA01_30,
P83,G,4,P83G04,Sc,Kelowna,2016,TA,1,31,2016TA01_31,
P83,H,4,P83H04,Sc,Kelowna,2016,TA,1,32,2016TA01_32,
P83,A,5,P83A05,Sc,Kelowna,2016,TA,1,33,2016TA01_33,
P83,B,5,P83B05,Sc,Kelowna,2016,TA,1,34,2016TA01_34,
P83,C,5,P83C05,Sc,Kelowna,2016,TA,1,35,2016TA01_35,
P83,D,5,P83D05,Sc,Kelowna,2016,TA,1,36,2016TA01_36,
P83,E,5,P83E05,Sc,Kelowna,2016,TA,1,37,2016TA01_37,
P83,F,5,P83F05,Sc,Kelowna,2016,TA,1,38,2016TA01_38,
P83,G,5,P83G05,Sc,Kelowna,2016,TA,1,39,2016TA01_39,
P83,H,5,P83H05,Sc,Kelowna,2016,TA,1,40,2016TA01_40,
P83,A,6,P83A06,Sc,Kelowna,2016,TA,1,41,2016TA01_41,
P83,B,6,P83B06,Sc,Kelowna,2016,TA,1,42,2016TA01_42,
P83,C,6,P83C06,Sc,Kelowna,2016,TA,1,43,2016TA01_43,
P83,D,6,P83D06,Sc,Kelowna,2016,TA,1,44,2016TA01_44,
P83,E,6,P83E06,Sc,Kelowna,2016,TA,1,45,2016TA01_45,
P83,F,6,P83F06,Sc,Kelowna,2016,TA,1,46,2016TA01_46,
P83,G,6,P83G06,Sc,Kelowna,2016,TA,1,47,2016TA01_47,
P83,H,6,P83H06,Sc,Kelowna,2016,TA,1,48,2016TA01_48,
P83,A,7,P83A07,Sc,Kelowna,2016,TA,2,1,2016TA02_01,
P83,B,7,P83B07,Sc,Kelowna,2016,TA,2,2,2016TA02_02,
P83,C,7,P83C07,Sc,Kelowna,2016,TA,2,3,2016TA02_03,
P83,D,7,P83D07,Sc,Kelowna,2016,TA,2,4,2016TA02_04,
P83,E,7,P83E07,Sc,Kelowna,2016,TA,2,5,2016TA02_05,
P83,F,7,P83F07,Sc,Kelowna,2016,TA,2,6,2016TA02_06,
P83,G,7,P83G07,Sc,Kelowna,2016,TA,2,7,2016TA02_07,
P83,H,7,P83H07,Sc,Kelowna,2016,TA,2,8,2016TA02_08,
P83,A,8,P83A08,Sc,Kelowna,2016,TA,2,9,2016TA02_09,
P83,B,8,P83B08,Sc,Kelowna,2016,TA,2,10,2016TA02_10,
P83,C,8,P83C08,Sc,Kelowna,2016,TA,2,11,2016TA02_11,
P83,D,8,P83D08,Sc,Kelowna,2016,TA,2,12,2016TA02_12,
P83,E,8,P83E08,Sc,Kelowna,2016,TA,2,13,2016TA02_13,
P83,F,8,P83F08,Sc,Kelowna,2016,TA,2,14,2016TA02_14,
P83,G,8,P83G08,Sc,Kelowna,2016,TA,2,15,2016TA02_15,
P83,H,8,P83H08,Sc,Kelowna,2016,TA,2,16,2016TA02_16,
P83,A,9,P83A09,Sc,Kelowna,2016,TA,2,17,2016TA02_17,
P83,B,9,P83B09,Sc,Kelowna,2016,TA,2,18,2016TA02_18,
P83,C,9,P83C09,Sc,Kelowna,2016,TA,2,19,2016TA02_19,
P83,D,9,P83D09,Sc,Kelowna,2016,TA,2,20,2016TA02_20,
P83,E,9,P83E09,Sc,Kelowna,2016,TA,2,21,2016TA02_21,
P83,F,9,P83F09,Sc,Kelowna,2016,TA,2,22,2016TA02_22,
P83,G,9,P83G09,Sc,Kelowna,2016,TA,2,23,2016TA02_23,
P83,H,9,P83H09,Sc,Kelowna,2016,TA,2,24,2016TA02_24,
P83,A,10,P83A10,Sc,Kelowna,2016,TA,2,25,2016TA02_25,
P83,B,10,P83B10,Sc,Kelowna,2016,TA,2,26,2016TA02_26,
P83,C,10,P83C10,Sc,Kelowna,2016,TA,2,27,2016TA02_27,
P83,D,10,P83D10,Sc,Kelowna,2016,TA,2,28,2016TA02_28,
P83,E,10,P83E10,Sc,Kelowna,2016,TA,2,29,2016TA02_29,
P83,F,10,P83F10,Sc,Kelowna,2016,TA,2,30,2016TA02_30,
P83,G,10,P83G10,Sc,Kelowna,2016,TA,2,31,2016TA02_31,
P83,H,10,P83H10,Sc,Kelowna,2016,TA,2,32,2016TA02_32,
P83,A,11,P83A11,Sc,Kelowna,2016,TA,2,33,2016TA02_33,
P83,B,11,P83B11,Sc,Kelowna,2016,TA,2,34,2016TA02_34,
P83,C,11,P83C11,Sc,Kelowna,2016,TA,2,35,2016TA02_35,
P83,D,11,P83D11,Sc,Kelowna,2016,TA,2,36,2016TA02_36,
P83,E,11,P83E11,Sc,Kelowna,2016,TA,2,37,2016TA02_37,
P83,F,11,P83F11,Sc,Kelowna,2016,TA,2,38,2016TA02_38,
P83,G,11,P83G11,Sc,Kelowna,2016,TA,2,39,2016TA02_39,
P83,H,11,P83H11,Sc,Kelowna,2016,TA,2,40,2016TA02_40,
P83,A,12,P83A12,Sc,Kelowna,2016,TA,2,41,2016TA02_41,
P83,B,12,P83B12,Sc,Kelowna,2016,TA,2,42,2016TA02_42,
P83,C,12,P83C12,Sc,Kelowna,2016,TA,2,43,2016TA02_43,
P83,D,12,P83D12,Sc,Kelowna,2016,TA,2,44,2016TA02_44,
P83,E,12,P83E12,Sc,Kelowna,2016,TA,2,45,2016TA02_45,
P83,F,12,P83F12,Sc,Kelowna,2016,TA,2,46,2016TA02_46,
P84,A,1,P84A01,Sc,Kelowna,2016,TA,3,1,2016TA03_01,
P84,B,1,P84B01,Sc,Kelowna,2016,TA,3,2,2016TA03_02,
P84,C,1,P84C01,Sc,Kelowna,2016,TA,3,3,2016TA03_03,
P84,D,1,P84D01,Sc,Kelowna,2016,TA,3,4,2016TA03_04,
P84,E,1,P84E01,Sc,Kelowna,2016,TA,3,5,2016TA03_05,
P84,F,1,P84F01,Sc,Kelowna,2016,TA,3,6,2016TA03_06,
P84,G,1,P84G01,Sc,Kelowna,2016,TA,3,7,2016TA03_07,
P84,H,1,P84H01,Sc,Kelowna,2016,TA,3,8,2016TA03_08,
P84,A,2,P84A02,Sc,Kelowna,2016,TA,3,9,2016TA03_09,
P84,B,2,P84B02,Sc,Kelowna,2016,TA,3,10,2016TA03_10,
P84,C,2,P84C02,Sc,Kelowna,2016,TA,3,11,2016TA03_11,
P84,D,2,P84D02,Sc,Kelowna,2016,TA,3,12,2016TA03_12,
P84,E,2,P84E02,Sc,Kelowna,2016,TA,3,13,2016TA03_13,
P84,F,2,P84F02,Sc,Kelowna,2016,TA,3,14,2016TA03_14,
P84,G,2,P84G02,Sc,Kelowna,2016,TA,3,15,2016TA03_15,
P84,H,2,P84H02,Sc,Kelowna,2016,TA,3,16,2016TA03_16,
P84,A,3,P84A03,Sc,Kelowna,2016,TA,3,17,2016TA03_17,
P84,B,3,P84B03,Sc,Kelowna,2016,TA,3,18,2016TA03_18,
P84,C,3,P84C03,Sc,Kelowna,2016,TA,3,19,2016TA03_19,
P84,D,3,P84D03,Sc,Kelowna,2016,TA,3,20,2016TA03_20,
P84,E,3,P84E03,Sc,Kelowna,2016,TA,3,21,2016TA03_21,
P84,F,3,P84F03,Sc,Kelowna,2016,TA,3,22,2016TA03_22,
P84,G,3,P84G03,Sc,Kelowna,2016,TA,3,23,2016TA03_23,
P84,H,3,P84H03,Sc,Kelowna,2016,TA,3,24,2016TA03_24,
P84,A,4,P84A04,Sc,Kelowna,2016,TA,3,25,2016TA03_25,
P84,B,4,P84B04,Sc,Kelowna,2016,TA,3,26,2016TA03_26,
P84,C,4,P84C04,Sc,Kelowna,2016,TA,3,27,2016TA03_27,
P84,D,4,P84D04,Sc,Kelowna,2016,TA,3,28,2016TA03_28,
P84,E,4,P84E04,Sc,Kelowna,2016,TA,3,29,2016TA03_29,
P84,F,4,P84F04,Sc,Kelowna,2016,TA,3,30,2016TA03_30,
P84,G,4,P84G04,Sc,Kelowna,2016,TA,3,31,2016TA03_31,
P84,H,4,P84H04,Sc,Kelowna,2016,TA,3,32,2016TA03_32,
P84,A,5,P84A05,Sc,Kelowna,2016,TA,3,33,2016TA03_33,
P84,B,5,P84B05,Sc,Kelowna,2016,TA,3,34,2016TA03_34,
P84,C,5,P84C05,Sc,Kelowna,2016,TA,3,35,2016TA03_35,
P84,D,5,P84D05,Sc,Kelowna,2016,TA,3,36,2016TA03_36,
P84,E,5,P84E05,Sc,Kelowna,2016,TA,3,37,2016TA03_37,
P84,F,5,P84F05,Sc,Kelowna,2016,TA,3,38,2016TA03_38,
P84,G,5,P84G05,Sc,Kelowna,2016,TA,3,39,2016TA03_39,
P84,H,5,P84H05,Sc,Kelowna,2016,TA,3,40,2016TA03_40,
P84,A,6,P84A06,Sc,Kelowna,2016,TA,3,41,2016TA03_41,
P84,B,6,P84B06,Sc,Kelowna,2016,TA,3,42,2016TA03_42,
P84,C,6,P84C06,Sc,Kelowna,2016,TA,3,43,2016TA03_43,
P84,D,6,P84D06,Sc,Kelowna,2016,TA,3,44,2016TA03_44,
P84,E,6,P84E06,Sc,Kelowna,2016,TA,3,45,2016TA03_45,
P84,F,6,P84F06,Sc,Kelowna,2016,TA,3,46,2016TA03_46,
P84,G,6,P84G06,Sc,Kelowna,2016,TA,3,47,2016TA03_47,
P84,H,6,P84H06,Sc,Kelowna,2016,TA,3,48,2016TA03_48,
P84,A,7,P84A07,Sc,Kelowna,2016,TA,4,1,2016TA04_01,
P84,B,7,P84B07,Sc,Kelowna,2016,TA,4,2,2016TA04_02,
P84,C,7,P84C07,Sc,Kelowna,2016,TA,4,3,2016TA04_03,
P84,D,7,P84D07,Sc,Kelowna,2016,TA,4,4,2016TA04_04,
P84,E,7,P84E07,Sc,Kelowna,2016,TA,4,5,2016TA04_05,
P84,F,7,P84F07,Sc,Kelowna,2016,TA,4,6,2016TA04_06,
P84,G,7,P84G07,Sc,Kelowna,2016,TA,4,7,2016TA04_07,
P84,H,7,P84H07,Sc,Kelowna,2016,TA,4,8,2016TA04_08,
P84,A,8,P84A08,Sc,Kelowna,2016,TA,4,9,2016TA04_09,
P84,B,8,P84B08,Sc,Kelowna,2016,TA,4,10,2016TA04_10,
P84,C,8,P84C08,Sc,Kelowna,2016,TA,4,11,2016TA04_11,
P84,D,8,P84D08,Sc,Kelowna,2016,TA,4,12,2016TA04_12,
P84,E,8,P84E08,Sc,Kelowna,2016,TA,4,13,2016TA04_13,
P84,F,8,P84F08,Sc,Kelowna,2016,TA,4,14,2016TA04_14,
P84,G,8,P84G08,Sc,Kelowna,2016,TA,4,15,2016TA04_15,
P84,H,8,P84H08,Sc,Kelowna,2016,TA,4,16,2016TA04_16,
P84,A,9,P84A09,Sc,Kelowna,2016,TA,4,17,2016TA04_17,
P84,B,9,P84B09,Sc,Kelowna,2016,TA,4,18,2016TA04_18,
P84,C,9,P84C09,Sc,Kelowna,2016,TA,4,19,2016TA04_19,
P84,D,9,P84D09,Sc,Kelowna,2016,TA,4,20,2016TA04_20,
P84,E,9,P84E09,Sc,Kelowna,2016,TA,4,21,2016TA04_21,
P84,F,9,P84F09,Sc,Kelowna,2016,TA,4,22,2016TA04_22,
P84,G,9,P84G09,Sc,Kelowna,2016,TA,4,23,2016TA04_23,
P84,H,9,P84H09,Sc,Kelowna,2016,TA,4,24,2016TA04_24,
P84,A,10,P84A10,Sc,Kelowna,2016,TA,4,25,2016TA04_25,
P84,B,10,P84B10,Sc,Kelowna,2016,TA,4,26,2016TA04_26,
P84,C,10,P84C10,Sc,Kelowna,2016,TA,4,27,2016TA04_27,
P84,D,10,P84D10,Sc,Kelowna,2016,TA,4,28,2016TA04_28,
P84,E,10,P84E10,Sc,Kelowna,2016,TA,4,29,2016TA04_29,
P84,F,10,P84F10,Sc,Kelowna,2016,TA,4,30,2016TA04_30,
P84,G,10,P84G10,Sc,Kelowna,2016,TA,4,31,2016TA04_31,
P84,H,10,P84H10,Sc,Kelowna,2016,TA,4,32,2016TA04_32,
P84,A,11,P84A11,Sc,Kelowna,2016,TA,4,33,2016TA04_33,
P84,B,11,P84B11,Sc,Kelowna,2016,TA,4,34,2016TA04_34,
P84,C,11,P84C11,Sc,Kelowna,2016,TA,4,35,2016TA04_35,
P84,D,11,P84D11,Sc,Kelowna,2016,TA,4,36,2016TA04_36,
P84,E,11,P84E11,Sc,Kelowna,2016,TA,4,37,2016TA04_37,
P84,F,11,P84F11,Sc,Kelowna,2016,TA,4,38,2016TA04_38,
P84,G,11,P84G11,Sc,Kelowna,2016,TA,4,39,2016TA04_39,
P84,H,11,P84H11,Sc,Kelowna,2016,TA,4,40,2016TA04_40,
P84,A,12,P84A12,Sc,Kelowna,2016,TA,4,41,2016TA04_41,
P84,B,12,P84B12,Sc,Kelowna,2016,TA,4,42,2016TA04_42,
P84,C,12,P84C12,Sc,Kelowna,2016,TA,4,43,2016TA04_43,
P84,D,12,P84D12,Sc,Kelowna,2016,TA,4,44,2016TA04_44,
P84,E,12,P84E12,Sc,Kelowna,2016,TA,4,45,2016TA04_45,
P84,F,12,P84F12,Sc,Kelowna,2016,TA,4,46,2016TA04_46,
P85,A,1,P85A01,Sc,Kelowna,2016,TA,5,1,2016TA05_01,
P85,B,1,P85B01,Sc,Kelowna,2016,TA,5,2,2016TA05_02,
P85,C,1,P85C01,Sc,Kelowna,2016,TA,5,3,2016TA05_03,
P85,D,1,P85D01,Sc,Kelowna,2016,TA,5,4,2016TA05_04,
P85,E,1,P85E01,Sc,Kelowna,2016,TA,5,5,2016TA05_05,
P85,F,1,P85F01,Sc,Kelowna,2016,TA,5,6,2016TA05_06,
P85,G,1,P85G01,Sc,Kelowna,2016,TA,5,7,2016TA05_07,
P85,H,1,P85H01,Sc,Kelowna,2016,TA,5,8,2016TA05_08,
P85,A,2,P85A02,Sc,Kelowna,2016,TA,5,9,2016TA05_09,
P85,B,2,P85B02,Sc,Kelowna,2016,TA,5,10,2016TA05_10,
P85,C,2,P85C02,Sc,Kelowna,2016,TA,5,11,2016TA05_11,
P85,D,2,P85D02,Sc,Kelowna,2016,TA,5,12,2016TA05_12,
P85,E,2,P85E02,Sc,Kelowna,2016,TA,5,13,2016TA05_13,
P85,F,2,P85F02,Sc,Kelowna,2016,TA,5,14,2016TA05_14,
P85,G,2,P85G02,Sc,Kelowna,2016,TA,5,15,2016TA05_15,
P85,H,2,P85H02,Sc,Kelowna,2016,TA,5,16,2016TA05_16,
P85,A,3,P85A03,Sc,Kelowna,2016,TA,5,17,2016TA05_17,
P85,B,3,P85B03,Sc,Kelowna,2016,TA,5,18,2016TA05_18,
P85,C,3,P85C03,Sc,Kelowna,2016,TA,5,19,2016TA05_19,
P85,D,3,P85D03,Sc,Kelowna,2016,TA,5,20,2016TA05_20,
P85,E,3,P85E03,Sc,Kelowna,2016,TA,5,21,2016TA05_21,
P85,F,3,P85F03,Sc,Kelowna,2016,TA,5,22,2016TA05_22,
P85,G,3,P85G03,Sc,Kelowna,2016,TA,5,23,2016TA05_23,
P85,H,3,P85H03,Sc,Kelowna,2016,TA,5,24,2016TA05_24,
P85,A,4,P85A04,Sc,Kelowna,2016,TA,5,25,2016TA05_25,
P85,B,4,P85B04,Sc,Kelowna,2016,TA,5,26,2016TA05_26,
P85,C,4,P85C04,Sc,Kelowna,2016,TA,5,27,2016TA05_27,
P85,D,4,P85D04,Sc,Kelowna,2016,TA,5,28,2016TA05_28,
P85,E,4,P85E04,Sc,Kelowna,2016,TA,5,29,2016TA05_29,
P85,F,4,P85F04,Sc,Kelowna,2016,TA,5,30,2016TA05_30,
P85,G,4,P85G04,Sc,Kelowna,2016,TA,5,31,2016TA05_31,
P85,H,4,P85H04,Sc,Kelowna,2016,TA,5,32,2016TA05_32,
P85,A,5,P85A05,Sc,Kelowna,2016,TA,5,33,2016TA05_33,
P85,B,5,P85B05,Sc,Kelowna,2016,TA,5,34,2016TA05_34,
P85,C,5,P85C05,Sc,Kelowna,2016,TA,5,35,2016TA05_35,
P85,D,5,P85D05,Sc,Kelowna,2016,TA,5,36,2016TA05_36,
P85,E,5,P85E05,Sc,Kelowna,2016,TA,5,37,2016TA05_37,
P85,F,5,P85F05,Sc,Kelowna,2016,TA,5,38,2016TA05_38,
P85,G,5,P85G05,Sc,Kelowna,2016,TA,5,39,2016TA05_39,
P85,H,5,P85H05,Sc,Kelowna,2016,TA,5,40,2016TA05_40,
P85,A,6,P85A06,Sc,Kelowna,2016,TA,5,41,2016TA05_41,
P85,B,6,P85B06,Sc,Kelowna,2016,TA,5,42,2016TA05_42,
P85,C,6,P85C06,Sc,Kelowna,2016,TA,5,43,2016TA05_43,
P85,D,6,P85D06,Sc,Kelowna,2016,TA,5,44,2016TA05_44,
P85,E,6,P85E06,Sc,Kelowna,2016,TA,5,45,2016TA05_45,
P85,F,6,P85F06,Sc,Kelowna,2016,TA,5,46,2016TA05_46,
P85,G,6,P85G06,Sc,Kelowna,2016,TA,5,47,2016TA05_47,
P85,H,6,P85H06,Sc,Kelowna,2016,TA,5,48,2016TA05_48,
P85,A,7,P85A07,Sc,Kelowna,2016,TA,6,1,2016TA06_01,
P85,B,7,P85B07,Sc,Kelowna,2016,TA,6,2,2016TA06_02,
P85,C,7,P85C07,Sc,Kelowna,2016,TA,6,3,2016TA06_03,
P85,D,7,P85D07,Sc,Kelowna,2016,TA,6,4,2016TA06_04,
P85,E,7,P85E07,Sc,Kelowna,2016,TA,6,5,2016TA06_05,
P85,F,7,P85F07,Sc,Kelowna,2016,TA,6,6,2016TA06_06,
P85,G,7,P85G07,Sc,Kelowna,2016,TA,6,7,2016TA06_07,
P85,H,7,P85H07,Sc,Kelowna,2016,TA,6,8,2016TA06_08,
P85,A,8,P85A08,Sc,Kelowna,2016,TA,6,9,2016TA06_09,
P85,B,8,P85B08,Sc,Kelowna,2016,TA,6,10,2016TA06_10,
P85,C,8,P85C08,Sc,Kelowna,2016,TA,6,11,2016TA06_11,
P85,D,8,P85D08,Sc,Kelowna,2016,TA,6,12,2016TA06_12,
P85,E,8,P85E08,Sc,Kelowna,2016,TA,6,13,2016TA06_13,
P85,F,8,P85F08,Sc,Kelowna,2016,TA,6,14,2016TA06_14,
P85,G,8,P85G08,Sc,Kelowna,2016,TA,6,15,2016TA06_15,
P85,H,8,P85H08,Sc,Kelowna,2016,TA,6,16,2016TA06_16,
P85,A,9,P85A09,Sc,Kelowna,2016,TA,6,17,2016TA06_17,
P85,B,9,P85B09,Sc,Kelowna,2016,TA,6,18,2016TA06_18,
P85,C,9,P85C09,Sc,Kelowna,2016,TA,6,19,2016TA06_19,
P85,D,9,P85D09,Sc,Kelowna,2016,TA,6,20,2016TA06_20,
P85,E,9,P85E09,Sc,Kelowna,2016,TA,6,21,2016TA06_21,
P85,F,9,P85F09,Sc,Kelowna,2016,TA,6,22,2016TA06_22,
P85,G,9,P85G09,Sc,Kelowna,2016,TA,6,23,2016TA06_23,
P85,H,9,P85H09,Sc,Kelowna,2016,TA,6,24,2016TA06_24,
P85,A,10,P85A10,Sc,Kelowna,2016,TA,6,25,2016TA06_25,
P85,B,10,P85B10,Sc,Kelowna,2016,TA,6,26,2016TA06_26,
P85,C,10,P85C10,Sc,Kelowna,2016,TA,6,27,2016TA06_27,
P85,D,10,P85D10,Sc,Kelowna,2016,TA,6,28,2016TA06_28,
P85,E,10,P85E10,Sc,Kelowna,2016,TA,6,29,2016TA06_29,
P85,F,10,P85F10,Sc,Kelowna,2016,TA,6,30,2016TA06_30,
P85,G,10,P85G10,Sc,Kelowna,2016,TA,6,31,2016TA06_31,
P85,H,10,P85H10,Sc,Kelowna,2016,TA,6,32,2016TA06_32,
P85,A,11,P85A11,Sc,Kelowna,2016,TA,6,33,2016TA06_33,
P85,B,11,P85B11,Sc,Kelowna,2016,TA,6,34,2016TA06_34,
P85,C,11,P85C11,Sc,Kelowna,2016,TA,6,35,2016TA06_35,
P85,D,11,P85D11,Sc,Kelowna,2016,TA,6,36,2016TA06_36,
P85,E,11,P85E11,Sc,Kelowna,2016,TA,6,37,2016TA06_37,
P85,F,11,P85F11,Sc,Kelowna,2016,TA,6,38,2016TA06_38,
P85,G,11,P85G11,Sc,Kelowna,2016,TA,6,39,2016TA06_39,
P85,H,11,P85H11,Sc,Kelowna,2016,TA,6,40,2016TA06_40,
P85,A,12,P85A12,Sc,Kelowna,2016,TA,6,41,2016TA06_41,
P85,B,12,P85B12,Sc,Kelowna,2016,TA,6,42,2016TA06_42,
P85,C,12,P85C12,Sc,Kelowna,2016,TA,6,43,2016TA06_43,
P85,D,12,P85D12,Sc,Kelowna,2016,TA,6,44,2016TA06_44,
P85,E,12,P85E12,Sc,Kelowna,2016,TA,6,45,2016TA06_45,
P85,F,12,P85F12,Sc,Kelowna,2016,TA,6,46,2016TA06_46,
P86,A,1,P86A01,Sc,OliverOsoyoos,2016,RD,2,1,2016RD02_01,
P86,B,1,P86B01,Sc,OliverOsoyoos,2016,RD,2,2,2016RD02_02,
P86,C,1,P86C01,Sc,OliverOsoyoos,2016,RD,2,3,2016RD02_03,
P86,D,1,P86D01,Sc,OliverOsoyoos,2016,RD,2,4,2016RD02_04,
P86,E,1,P86E01,Sc,OliverOsoyoos,2016,RD,2,5,2016RD02_05,
P86,F,1,P86F01,Sc,OliverOsoyoos,2016,RD,2,6,2016RD02_06,
P86,G,1,P86G01,Sc,OliverOsoyoos,2016,RD,2,7,2016RD02_07,
P86,H,1,P86H01,Sc,OliverOsoyoos,2016,RD,2,8,2016RD02_08,
P86,A,2,P86A02,Sc,OliverOsoyoos,2016,RD,2,9,2016RD02_09,
P86,B,2,P86B02,Sc,OliverOsoyoos,2016,RD,2,10,2016RD02_10,
P86,C,2,P86C02,Sc,OliverOsoyoos,2016,RD,2,11,2016RD02_11,
P86,D,2,P86D02,Sc,OliverOsoyoos,2016,RD,2,12,2016RD02_12,
P86,E,2,P86E02,Sc,OliverOsoyoos,2016,RD,2,13,2016RD02_13,
P86,F,2,P86F02,Sc,OliverOsoyoos,2016,RD,2,14,2016RD02_14,
P86,G,2,P86G02,Sc,OliverOsoyoos,2016,RD,2,15,2016RD02_15,
P86,H,2,P86H02,Sc,OliverOsoyoos,2016,RD,2,16,2016RD02_16,
P86,A,3,P86A03,Sc,OliverOsoyoos,2016,RD,2,17,2016RD02_17,
P86,B,3,P86B03,Sc,OliverOsoyoos,2016,RD,2,18,2016RD02_18,
P86,C,3,P86C03,Sc,OliverOsoyoos,2016,RD,2,19,2016RD02_19,
P86,D,3,P86D03,Sc,OliverOsoyoos,2016,RD,2,20,2016RD02_20,
P86,E,3,P86E03,Sc,OliverOsoyoos,2016,RD,2,21,2016RD02_21,
P86,F,3,P86F03,Sc,OliverOsoyoos,2016,RD,2,22,2016RD02_22,
P86,G,3,P86G03,Sc,OliverOsoyoos,2016,RD,2,23,2016RD02_23,
P86,H,3,P86H03,Sc,OliverOsoyoos,2016,RD,2,24,2016RD02_24,
P86,A,4,P86A04,Sc,OliverOsoyoos,2016,RD,2,25,2016RD02_25,
P86,B,4,P86B04,Sc,OliverOsoyoos,2016,RD,2,26,2016RD02_26,
P86,C,4,P86C04,Sc,OliverOsoyoos,2016,RD,2,27,2016RD02_27,
P86,D,4,P86D04,Sc,OliverOsoyoos,2016,RD,2,28,2016RD02_28,
P86,E,4,P86E04,Sc,OliverOsoyoos,2016,RD,2,29,2016RD02_29,
P86,F,4,P86F04,Sc,OliverOsoyoos,2016,RD,2,30,2016RD02_30,
P86,G,4,P86G04,Sc,OliverOsoyoos,2016,RD,2,31,2016RD02_31,
P86,H,4,P86H04,Sc,OliverOsoyoos,2016,RD,2,32,2016RD02_32,
P86,A,5,P86A05,Sc,OliverOsoyoos,2016,RD,2,33,2016RD02_33,
P86,B,5,P86B05,Sc,OliverOsoyoos,2016,RD,2,34,2016RD02_34,
P86,C,5,P86C05,Sc,OliverOsoyoos,2016,RD,2,35,2016RD02_35,
P86,D,5,P86D05,Sc,OliverOsoyoos,2016,RD,2,36,2016RD02_36,
P86,E,5,P86E05,Sc,OliverOsoyoos,2016,RD,2,37,2016RD02_37,
P86,F,5,P86F05,Sc,OliverOsoyoos,2016,RD,2,38,2016RD02_38,
P86,G,5,P86G05,Sc,OliverOsoyoos,2016,RD,2,39,2016RD02_39,
P86,H,5,P86H05,Sc,OliverOsoyoos,2016,RD,2,40,2016RD02_40,
P86,A,6,P86A06,Sc,OliverOsoyoos,2016,RD,2,41,2016RD02_41,
P86,B,6,P86B06,Sc,OliverOsoyoos,2016,RD,2,42,2016RD02_42,
P86,C,6,P86C06,Sc,OliverOsoyoos,2016,RD,2,43,2016RD02_43,
P86,D,6,P86D06,Sc,OliverOsoyoos,2016,RD,2,44,2016RD02_44,
P86,E,6,P86E06,Sc,OliverOsoyoos,2016,RD,2,45,2016RD02_45,
P86,F,6,P86F06,Sc,OliverOsoyoos,2016,RD,2,46,2016RD02_46,
P86,G,6,P86G06,Sc,OliverOsoyoos,2016,RD,2,47,2016RD02_47,
P86,H,6,P86H06,Sc,OliverOsoyoos,2016,RD,2,48,2016RD02_48,
P86,A,7,P86A07,Sc,OliverOsoyoos,2016,RD,3,1,2016RD03_01,
P86,B,7,P86B07,Sc,OliverOsoyoos,2016,RD,3,2,2016RD03_02,
P86,C,7,P86C07,Sc,OliverOsoyoos,2016,RD,3,3,2016RD03_03,
P86,D,7,P86D07,Sc,OliverOsoyoos,2016,RD,3,4,2016RD03_04,
P86,E,7,P86E07,Sc,OliverOsoyoos,2016,RD,3,5,2016RD03_05,
P86,F,7,P86F07,Sc,OliverOsoyoos,2016,RD,3,6,2016RD03_06,
P86,G,7,P86G07,Sc,OliverOsoyoos,2016,RD,3,7,2016RD03_07,
P86,H,7,P86H07,Sc,OliverOsoyoos,2016,RD,3,8,2016RD03_08,
P86,A,8,P86A08,Sc,OliverOsoyoos,2016,RD,3,9,2016RD03_09,
P86,B,8,P86B08,Sc,OliverOsoyoos,2016,RD,3,10,2016RD03_10,
P86,C,8,P86C08,Sc,OliverOsoyoos,2016,RD,3,11,2016RD03_11,
P86,D,8,P86D08,Sc,OliverOsoyoos,2016,RD,3,12,2016RD03_12,
P86,E,8,P86E08,Sc,OliverOsoyoos,2016,RD,3,13,2016RD03_13,
P86,F,8,P86F08,Sc,OliverOsoyoos,2016,RD,3,14,2016RD03_14,
P86,G,8,P86G08,Sc,OliverOsoyoos,2016,RD,3,15,2016RD03_15,
P86,H,8,P86H08,Sc,OliverOsoyoos,2016,RD,3,16,2016RD03_16,
P86,A,9,P86A09,Sc,OliverOsoyoos,2016,RD,3,17,2016RD03_17,
P86,B,9,P86B09,Sc,OliverOsoyoos,2016,RD,3,18,2016RD03_18,
P86,C,9,P86C09,Sc,OliverOsoyoos,2016,RD,3,19,2016RD03_19,
P86,D,9,P86D09,Sc,OliverOsoyoos,2016,RD,3,20,2016RD03_20,
P86,E,9,P86E09,Sc,OliverOsoyoos,2016,RD,3,21,2016RD03_21,
P86,F,9,P86F09,Sc,OliverOsoyoos,2016,RD,3,22,2016RD03_22,
P86,G,9,P86G09,Sc,OliverOsoyoos,2016,RD,3,23,2016RD03_23,
P86,H,9,P86H09,Sc,OliverOsoyoos,2016,RD,3,24,2016RD03_24,
P86,A,10,P86A10,Sc,OliverOsoyoos,2016,RD,3,25,2016RD03_25,
P86,B,10,P86B10,Sc,OliverOsoyoos,2016,RD,3,26,2016RD03_26,
P86,C,10,P86C10,Sc,OliverOsoyoos,2016,RD,3,27,2016RD03_27,
P86,D,10,P86D10,Sc,OliverOsoyoos,2016,RD,3,28,2016RD03_28,
P86,E,10,P86E10,Sc,OliverOsoyoos,2016,RD,3,29,2016RD03_29,
P86,F,10,P86F10,Sc,OliverOsoyoos,2016,RD,3,30,2016RD03_30,
P86,G,10,P86G10,Sc,OliverOsoyoos,2016,RD,3,31,2016RD03_31,
P86,H,10,P86H10,Sc,OliverOsoyoos,2016,RD,3,32,2016RD03_32,
P86,A,11,P86A11,Sc,OliverOsoyoos,2016,RD,3,33,2016RD03_33,
P86,B,11,P86B11,Sc,OliverOsoyoos,2016,RD,3,34,2016RD03_34,
P86,C,11,P86C11,Sc,OliverOsoyoos,2016,RD,3,35,2016RD03_35,
P86,D,11,P86D11,Sc,OliverOsoyoos,2016,RD,3,36,2016RD03_36,
P86,E,11,P86E11,Sc,OliverOsoyoos,2016,RD,3,37,2016RD03_37,
P86,F,11,P86F11,Sc,OliverOsoyoos,2016,RD,3,38,2016RD03_38,
P86,G,11,P86G11,Sc,OliverOsoyoos,2016,RD,3,39,2016RD03_39,
P86,H,11,P86H11,Sc,OliverOsoyoos,2016,RD,3,40,2016RD03_40,
P86,A,12,P86A12,Sc,OliverOsoyoos,2016,RD,3,41,2016RD03_41,
P86,B,12,P86B12,Sc,OliverOsoyoos,2016,RD,3,42,2016RD03_42,
P86,C,12,P86C12,Sc,OliverOsoyoos,2016,RD,3,43,2016RD03_43,
P86,D,12,P86D12,Sc,OliverOsoyoos,2016,RD,3,44,2016RD03_44,
P86,E,12,P86E12,Sc,OliverOsoyoos,2016,RD,3,45,2016RD03_45,
P86,F,12,P86F12,Sc,OliverOsoyoos,2016,RD,3,46,2016RD03_46,
P87,A,1,P87A01,Sc,OliverOsoyoos,2016,RD,4,1,2016RD04_01,
P87,B,1,P87B01,Sc,OliverOsoyoos,2016,RD,4,2,2016RD04_02,
P87,C,1,P87C01,Sc,OliverOsoyoos,2016,RD,4,3,2016RD04_03,
P87,D,1,P87D01,Sc,OliverOsoyoos,2016,RD,4,4,2016RD04_04,
P87,E,1,P87E01,Sc,OliverOsoyoos,2016,RD,4,5,2016RD04_05,
P87,F,1,P87F01,Sc,OliverOsoyoos,2016,RD,4,6,2016RD04_06,
P87,G,1,P87G01,Sc,OliverOsoyoos,2016,RD,4,7,2016RD04_07,
P87,H,1,P87H01,Sc,OliverOsoyoos,2016,RD,4,8,2016RD04_08,
P87,A,2,P87A02,Sc,OliverOsoyoos,2016,RD,4,9,2016RD04_09,
P87,B,2,P87B02,Sc,OliverOsoyoos,2016,RD,4,10,2016RD04_10,
P87,C,2,P87C02,Sc,OliverOsoyoos,2016,RD,4,11,2016RD04_11,
P87,D,2,P87D02,Sc,OliverOsoyoos,2016,RD,4,12,2016RD04_12,
P87,E,2,P87E02,Sc,OliverOsoyoos,2016,RD,4,13,2016RD04_13,
P87,F,2,P87F02,Sc,OliverOsoyoos,2016,RD,4,14,2016RD04_14,
P87,G,2,P87G02,Sc,OliverOsoyoos,2016,RD,4,15,2016RD04_15,
P87,H,2,P87H02,Sc,OliverOsoyoos,2016,RD,4,16,2016RD04_16,
P87,A,3,P87A03,Sc,OliverOsoyoos,2016,RD,4,17,2016RD04_17,
P87,B,3,P87B03,Sc,OliverOsoyoos,2016,RD,4,18,2016RD04_18,
P87,C,3,P87C03,Sc,OliverOsoyoos,2016,RD,4,19,2016RD04_19,
P87,D,3,P87D03,Sc,OliverOsoyoos,2016,RD,4,20,2016RD04_20,
P87,E,3,P87E03,Sc,OliverOsoyoos,2016,RD,4,21,2016RD04_21,
P87,F,3,P87F03,Sc,OliverOsoyoos,2016,RD,4,22,2016RD04_22,
P87,G,3,P87G03,Sc,OliverOsoyoos,2016,RD,4,23,2016RD04_23,
P87,H,3,P87H03,Sc,OliverOsoyoos,2016,RD,4,24,2016RD04_24,
P87,A,4,P87A04,Sc,OliverOsoyoos,2016,RD,4,25,2016RD04_25,
P87,B,4,P87B04,Sc,OliverOsoyoos,2016,RD,4,26,2016RD04_26,
P87,C,4,P87C04,Sc,OliverOsoyoos,2016,RD,4,27,2016RD04_27,
P87,D,4,P87D04,Sc,OliverOsoyoos,2016,RD,4,28,2016RD04_28,
P87,E,4,P87E04,Sc,OliverOsoyoos,2016,RD,4,29,2016RD04_29,
P87,F,4,P87F04,Sc,OliverOsoyoos,2016,RD,4,30,2016RD04_30,
P87,G,4,P87G04,Sc,OliverOsoyoos,2016,RD,4,31,2016RD04_31,
P87,H,4,P87H04,Sc,OliverOsoyoos,2016,RD,4,32,2016RD04_32,
P87,A,5,P87A05,Sc,OliverOsoyoos,2016,RD,4,33,2016RD04_33,
P87,B,5,P87B05,Sc,OliverOsoyoos,2016,RD,4,34,2016RD04_34,
P87,C,5,P87C05,Sc,OliverOsoyoos,2016,RD,4,35,2016RD04_35,
P87,D,5,P87D05,Sc,OliverOsoyoos,2016,RD,4,36,2016RD04_36,
P87,E,5,P87E05,Sc,OliverOsoyoos,2016,RD,4,37,2016RD04_37,
P87,F,5,P87F05,Sc,OliverOsoyoos,2016,RD,4,38,2016RD04_38,
P87,G,5,P87G05,Sc,OliverOsoyoos,2016,RD,4,39,2016RD04_39,
P87,H,5,P87H05,Sc,OliverOsoyoos,2016,RD,4,40,2016RD04_40,
P87,A,6,P87A06,Sc,OliverOsoyoos,2016,RD,4,41,2016RD04_41,
P87,B,6,P87B06,Sc,OliverOsoyoos,2016,RD,4,42,2016RD04_42,
P87,C,6,P87C06,Sc,OliverOsoyoos,2016,RD,4,43,2016RD04_43,
P87,D,6,P87D06,Sc,OliverOsoyoos,2016,RD,4,44,2016RD04_44,
P87,E,6,P87E06,Sc,OliverOsoyoos,2016,RD,4,45,2016RD04_45,
P87,F,6,P87F06,Sc,OliverOsoyoos,2016,RD,4,46,2016RD04_46,
P87,G,6,P87G06,Sc,OliverOsoyoos,2016,RD,4,47,2016RD04_47,
P87,H,6,P87H06,Sc,OliverOsoyoos,2016,RD,4,48,2016RD04_48,
P87,A,7,P87A07,Sc,OliverOsoyoos,2016,RD,5,1,2016RD05_01,
P87,B,7,P87B07,Sc,OliverOsoyoos,2016,RD,5,2,2016RD05_02,
P87,C,7,P87C07,Sc,OliverOsoyoos,2016,RD,5,3,2016RD05_03,
P87,D,7,P87D07,Sc,OliverOsoyoos,2016,RD,5,4,2016RD05_04,
P87,E,7,P87E07,Sc,OliverOsoyoos,2016,RD,5,5,2016RD05_05,
P87,F,7,P87F07,Sc,OliverOsoyoos,2016,RD,5,6,2016RD05_06,
P87,G,7,P87G07,Sc,OliverOsoyoos,2016,RD,5,7,2016RD05_07,
P87,H,7,P87H07,Sc,OliverOsoyoos,2016,RD,5,8,2016RD05_08,
P87,A,8,P87A08,Sc,OliverOsoyoos,2016,RD,5,9,2016RD05_09,
P87,B,8,P87B08,Sc,OliverOsoyoos,2016,RD,5,10,2016RD05_10,
P87,C,8,P87C08,Sc,OliverOsoyoos,2016,RD,5,11,2016RD05_11,
P87,D,8,P87D08,Sc,OliverOsoyoos,2016,RD,5,12,2016RD05_12,
P87,E,8,P87E08,Sc,OliverOsoyoos,2016,RD,5,13,2016RD05_13,
P87,F,8,P87F08,Sc,OliverOsoyoos,2016,RD,5,14,2016RD05_14,
P87,G,8,P87G08,Sc,OliverOsoyoos,2016,RD,5,15,2016RD05_15,
P87,H,8,P87H08,Sc,OliverOsoyoos,2016,RD,5,16,2016RD05_16,
P87,A,9,P87A09,Sc,OliverOsoyoos,2016,RD,5,17,2016RD05_17,
P87,B,9,P87B09,Sc,OliverOsoyoos,2016,RD,5,18,2016RD05_18,
P87,C,9,P87C09,Sc,OliverOsoyoos,2016,RD,5,19,2016RD05_19,
P87,D,9,P87D09,Sc,OliverOsoyoos,2016,RD,5,20,2016RD05_20,
P87,E,9,P87E09,Sc,OliverOsoyoos,2016,RD,5,21,2016RD05_21,
P87,F,9,P87F09,Sc,OliverOsoyoos,2016,RD,5,22,2016RD05_22,
P87,G,9,P87G09,Sc,OliverOsoyoos,2016,RD,5,23,2016RD05_23,
P87,H,9,P87H09,Sc,OliverOsoyoos,2016,RD,5,24,2016RD05_24,
P87,A,10,P87A10,Sc,OliverOsoyoos,2016,RD,5,25,2016RD05_25,
P87,B,10,P87B10,Sc,OliverOsoyoos,2016,RD,5,26,2016RD05_26,
P87,C,10,P87C10,Sc,OliverOsoyoos,2016,RD,5,27,2016RD05_27,
P87,D,10,P87D10,Sc,OliverOsoyoos,2016,RD,5,28,2016RD05_28,
P87,E,10,P87E10,Sc,OliverOsoyoos,2016,RD,5,29,2016RD05_29,
P87,F,10,P87F10,Sc,OliverOsoyoos,2016,RD,5,30,2016RD05_30,
P87,G,10,P87G10,Sc,OliverOsoyoos,2016,RD,5,31,2016RD05_31,
P87,H,10,P87H10,Sc,OliverOsoyoos,2016,RD,5,32,2016RD05_32,
P87,A,11,P87A11,Sc,OliverOsoyoos,2016,RD,5,33,2016RD05_33,
P87,B,11,P87B11,Sc,OliverOsoyoos,2016,RD,5,34,2016RD05_34,
P87,C,11,P87C11,Sc,OliverOsoyoos,2016,RD,5,35,2016RD05_35,
P87,D,11,P87D11,Sc,OliverOsoyoos,2016,RD,5,36,2016RD05_36,
P87,E,11,P87E11,Sc,OliverOsoyoos,2016,RD,5,37,2016RD05_37,
P87,F,11,P87F11,Sc,OliverOsoyoos,2016,RD,5,38,2016RD05_38,
P87,G,11,P87G11,Sc,OliverOsoyoos,2016,RD,5,39,2016RD05_39,
P87,H,11,P87H11,Sc,OliverOsoyoos,2016,RD,5,40,2016RD05_40,
P87,A,12,P87A12,Sc,OliverOsoyoos,2016,RD,5,41,2016RD05_41,
P87,B,12,P87B12,Sc,OliverOsoyoos,2016,RD,5,42,2016RD05_42,
P87,C,12,P87C12,Sc,OliverOsoyoos,2016,RD,5,43,2016RD05_43,
P87,D,12,P87D12,Sc,OliverOsoyoos,2016,RD,5,44,2016RD05_44,
P87,E,12,P87E12,Sc,OliverOsoyoos,2016,RD,5,45,2016RD05_45,
P87,F,12,P87F12,Sc,OliverOsoyoos,2016,RD,5,46,2016RD05_46,
P88,A,1,P88A01,Sc,Kelowna,2016,PNC,1,1,2016PNC01_01,
P88,B,1,P88B01,Sc,Kelowna,2016,PNC,1,2,2016PNC01_02,
P88,C,1,P88C01,Sc,Kelowna,2016,PNC,1,3,2016PNC01_03,
P88,D,1,P88D01,Sc,Kelowna,2016,PNC,1,4,2016PNC01_04,
P88,E,1,P88E01,Sc,Kelowna,2016,PNC,1,5,2016PNC01_05,
P88,F,1,P88F01,Sc,Kelowna,2016,PNC,1,6,2016PNC01_06,
P88,G,1,P88G01,Sc,Kelowna,2016,PNC,1,7,2016PNC01_07,
P88,H,1,P88H01,Sc,Kelowna,2016,PNC,1,8,2016PNC01_08,
P88,A,2,P88A02,Sc,Kelowna,2016,PNC,1,9,2016PNC01_09,
P88,B,2,P88B02,Sc,Kelowna,2016,PNC,1,10,2016PNC01_10,
P88,C,2,P88C02,Sc,Kelowna,2016,PNC,1,11,2016PNC01_11,
P88,D,2,P88D02,Sc,Kelowna,2016,PNC,1,12,2016PNC01_12,
P88,E,2,P88E02,Sc,Kelowna,2016,PNC,1,13,2016PNC01_13,
P88,F,2,P88F02,Sc,Kelowna,2016,PNC,1,14,2016PNC01_14,
P88,G,2,P88G02,Sc,Kelowna,2016,PNC,1,15,2016PNC01_15,
P88,H,2,P88H02,Sc,Kelowna,2016,PNC,1,16,2016PNC01_16,
P88,A,3,P88A03,Sc,Kelowna,2016,PNC,1,17,2016PNC01_17,
P88,B,3,P88B03,Sc,Kelowna,2016,PNC,1,18,2016PNC01_18,
P88,C,3,P88C03,Sc,Kelowna,2016,PNC,1,19,2016PNC01_19,
P88,D,3,P88D03,Sc,Kelowna,2016,PNC,1,20,2016PNC01_20,
P88,E,3,P88E03,Sc,Kelowna,2016,PNC,1,21,2016PNC01_21,
P88,F,3,P88F03,Sc,Kelowna,2016,PNC,1,22,2016PNC01_22,
P88,G,3,P88G03,Sc,Kelowna,2016,PNC,1,23,2016PNC01_23,
P88,H,3,P88H03,Sc,Kelowna,2016,PNC,1,24,2016PNC01_24,
P88,A,4,P88A04,Sc,Kelowna,2016,PNC,1,25,2016PNC01_25,
P88,B,4,P88B04,Sc,Kelowna,2016,PNC,1,26,2016PNC01_26,
P88,C,4,P88C04,Sc,Kelowna,2016,PNC,1,27,2016PNC01_27,
P88,D,4,P88D04,Sc,Kelowna,2016,PNC,1,28,2016PNC01_28,
P88,E,4,P88E04,Sc,Kelowna,2016,PNC,1,29,2016PNC01_29,
P88,F,4,P88F04,Sc,Kelowna,2016,PNC,1,30,2016PNC01_30,
P88,G,4,P88G04,Sc,Kelowna,2016,PNC,1,31,2016PNC01_31,
P88,H,4,P88H04,Sc,Kelowna,2016,PNC,1,32,2016PNC01_32,
P88,A,5,P88A05,Sc,Kelowna,2016,PNC,1,33,2016PNC01_33,
P88,B,5,P88B05,Sc,Kelowna,2016,PNC,1,34,2016PNC01_34,
P88,C,5,P88C05,Sc,Kelowna,2016,PNC,1,35,2016PNC01_35,
P88,D,5,P88D05,Sc,Kelowna,2016,PNC,1,36,2016PNC01_36,
P88,E,5,P88E05,Sc,Kelowna,2016,PNC,1,37,2016PNC01_37,
P88,F,5,P88F05,Sc,Kelowna,2016,PNC,1,38,2016PNC01_38,
P88,G,5,P88G05,Sc,Kelowna,2016,PNC,1,39,2016PNC01_39,
P88,H,5,P88H05,Sc,Kelowna,2016,PNC,1,40,2016PNC01_40,
P88,A,6,P88A06,Sc,Kelowna,2016,PNC,1,41,2016PNC01_41,
P88,B,6,P88B06,Sc,Kelowna,2016,PNC,1,42,2016PNC01_42,
P88,C,6,P88C06,Sc,Kelowna,2016,PNC,1,43,2016PNC01_43,
P88,D,6,P88D06,Sc,Kelowna,2016,PNC,1,44,2016PNC01_44,
P88,E,6,P88E06,Sc,Kelowna,2016,PNC,1,45,2016PNC01_45,
P88,F,6,P88F06,Sc,Kelowna,2016,PNC,1,46,2016PNC01_46,
P88,G,6,P88G06,Sc,Kelowna,2016,PNC,1,47,2016PNC01_47,
P88,H,6,P88H06,Sc,Kelowna,2016,PNC,1,48,2016PNC01_48,
P88,A,7,P88A07,Sc,Kelowna,2016,PNC,2,1,2016PNC02_01,
P88,B,7,P88B07,Sc,Kelowna,2016,PNC,2,2,2016PNC02_02,
P88,C,7,P88C07,Sc,Kelowna,2016,PNC,2,3,2016PNC02_03,
P88,D,7,P88D07,Sc,Kelowna,2016,PNC,2,4,2016PNC02_04,
P88,E,7,P88E07,Sc,Kelowna,2016,PNC,2,5,2016PNC02_05,
P88,F,7,P88F07,Sc,Kelowna,2016,PNC,2,6,2016PNC02_06,
P88,G,7,P88G07,Sc,Kelowna,2016,PNC,2,7,2016PNC02_07,
P88,H,7,P88H07,Sc,Kelowna,2016,PNC,2,8,2016PNC02_08,
P88,A,8,P88A08,Sc,Kelowna,2016,PNC,2,9,2016PNC02_09,
P88,B,8,P88B08,Sc,Kelowna,2016,PNC,2,10,2016PNC02_10,
P88,C,8,P88C08,Sc,Kelowna,2016,PNC,2,11,2016PNC02_11,
P88,D,8,P88D08,Sc,Kelowna,2016,PNC,2,12,2016PNC02_12,
P88,E,8,P88E08,Sc,Kelowna,2016,PNC,2,13,2016PNC02_13,
P88,F,8,P88F08,Sc,Kelowna,2016,PNC,2,14,2016PNC02_14,
P88,G,8,P88G08,Sc,Kelowna,2016,PNC,2,15,2016PNC02_15,
P88,H,8,P88H08,Sc,Kelowna,2016,PNC,2,16,2016PNC02_16,
P88,A,9,P88A09,Sc,Kelowna,2016,PNC,2,17,2016PNC02_17,
P88,B,9,P88B09,Sc,Kelowna,2016,PNC,2,18,2016PNC02_18,
P88,C,9,P88C09,Sc,Kelowna,2016,PNC,2,19,2016PNC02_19,
P88,D,9,P88D09,Sc,Kelowna,2016,PNC,2,20,2016PNC02_20,
P88,E,9,P88E09,Sc,Kelowna,2016,PNC,2,21,2016PNC02_21,
P88,F,9,P88F09,Sc,Kelowna,2016,PNC,2,22,2016PNC02_22,
P88,G,9,P88G09,Sc,Kelowna,2016,PNC,2,23,2016PNC02_23,
P88,H,9,P88H09,Sc,Kelowna,2016,PNC,2,24,2016PNC02_24,
P88,A,10,P88A10,Sc,Kelowna,2016,PNC,2,25,2016PNC02_25,
P88,B,10,P88B10,Sc,Kelowna,2016,PNC,2,26,2016PNC02_26,
P88,C,10,P88C10,Sc,Kelowna,2016,PNC,2,27,2016PNC02_27,
P88,D,10,P88D10,Sc,Kelowna,2016,PNC,2,28,2016PNC02_28,
P88,E,10,P88E10,Sc,Kelowna,2016,PNC,2,29,2016PNC02_29,
P88,F,10,P88F10,Sc,Kelowna,2016,PNC,2,30,2016PNC02_30,
P88,G,10,P88G10,Sc,Kelowna,2016,PNC,2,31,2016PNC02_31,
P88,H,10,P88H10,Sc,Kelowna,2016,PNC,2,32,2016PNC02_32,
P88,A,11,P88A11,Sc,Kelowna,2016,PNC,2,33,2016PNC02_33,
P88,B,11,P88B11,Sc,Kelowna,2016,PNC,2,34,2016PNC02_34,
P88,C,11,P88C11,Sc,Kelowna,2016,PNC,2,35,2016PNC02_35,
P88,D,11,P88D11,Sc,Kelowna,2016,PNC,2,36,2016PNC02_36,
P88,E,11,P88E11,Sc,Kelowna,2016,PNC,2,37,2016PNC02_37,
P88,F,11,P88F11,Sc,Kelowna,2016,PNC,2,38,2016PNC02_38,
P88,G,11,P88G11,Sc,Kelowna,2016,PNC,2,39,2016PNC02_39,
P88,H,11,P88H11,Sc,Kelowna,2016,PNC,2,40,2016PNC02_40,
P88,A,12,P88A12,Sc,Kelowna,2016,PNC,2,41,2016PNC02_41,
P88,B,12,P88B12,Sc,Kelowna,2016,PNC,2,42,2016PNC02_42,
P88,C,12,P88C12,Sc,Kelowna,2016,PNC,2,43,2016PNC02_43,
P88,D,12,P88D12,Sc,Kelowna,2016,PNC,2,44,2016PNC02_44,
P88,E,12,P88E12,Sc,Kelowna,2016,PNC,2,45,2016PNC02_45,
P88,F,12,P88F12,Sc,Kelowna,2016,PNC,2,46,2016PNC02_46,
P89,A,1,P89A01,Sc,Kelowna,2016,PNC,4,1,2016PNC04_01,
P89,B,1,P89B01,Sc,Kelowna,2016,PNC,4,2,2016PNC04_02,
P89,C,1,P89C01,Sc,Kelowna,2016,PNC,4,3,2016PNC04_03,
P89,D,1,P89D01,Sc,Kelowna,2016,PNC,4,4,2016PNC04_04,
P89,E,1,P89E01,Sc,Kelowna,2016,PNC,4,5,2016PNC04_05,
P89,F,1,P89F01,Sc,Kelowna,2016,PNC,4,6,2016PNC04_06,
P89,G,1,P89G01,Sc,Kelowna,2016,PNC,4,7,2016PNC04_07,
P89,H,1,P89H01,Sc,Kelowna,2016,PNC,4,8,2016PNC04_08,
P89,A,2,P89A02,Sc,Kelowna,2016,PNC,4,9,2016PNC04_09,
P89,B,2,P89B02,Sc,Kelowna,2016,PNC,4,10,2016PNC04_10,
P89,C,2,P89C02,Sc,Kelowna,2016,PNC,4,11,2016PNC04_11,
P89,D,2,P89D02,Sc,Kelowna,2016,PNC,4,12,2016PNC04_12,
P89,E,2,P89E02,Sc,Kelowna,2016,PNC,4,13,2016PNC04_13,
P89,F,2,P89F02,Sc,Kelowna,2016,PNC,4,14,2016PNC04_14,
P89,G,2,P89G02,Sc,Kelowna,2016,PNC,4,15,2016PNC04_15,
P89,H,2,P89H02,Sc,Kelowna,2016,PNC,4,16,2016PNC04_16,
P89,A,3,P89A03,Sc,Kelowna,2016,PNC,4,17,2016PNC04_17,
P89,B,3,P89B03,Sc,Kelowna,2016,PNC,4,18,2016PNC04_18,
P89,C,3,P89C03,Sc,Kelowna,2016,PNC,4,19,2016PNC04_19,
P89,D,3,P89D03,Sc,Kelowna,2016,PNC,4,20,2016PNC04_20,
P89,E,3,P89E03,Sc,Kelowna,2016,PNC,4,21,2016PNC04_21,
P89,F,3,P89F03,Sc,Kelowna,2016,PNC,4,22,2016PNC04_22,
P89,G,3,P89G03,Sc,Kelowna,2016,PNC,4,23,2016PNC04_23,
P89,H,3,P89H03,Sc,Kelowna,2016,PNC,4,24,2016PNC04_24,
P89,A,4,P89A04,Sc,Kelowna,2016,PNC,4,25,2016PNC04_25,
P89,B,4,P89B04,Sc,Kelowna,2016,PNC,4,26,2016PNC04_26,
P89,C,4,P89C04,Sc,Kelowna,2016,PNC,4,27,2016PNC04_27,
P89,D,4,P89D04,Sc,Kelowna,2016,PNC,4,28,2016PNC04_28,
P89,E,4,P89E04,Sc,Kelowna,2016,PNC,4,29,2016PNC04_29,
P89,F,4,P89F04,Sc,Kelowna,2016,PNC,4,30,2016PNC04_30,
P89,G,4,P89G04,Sc,Kelowna,2016,PNC,4,31,2016PNC04_31,
P89,H,4,P89H04,Sc,Kelowna,2016,PNC,4,32,2016PNC04_32,
P89,A,5,P89A05,Sc,Kelowna,2016,PNC,4,33,2016PNC04_33,
P89,B,5,P89B05,Sc,Kelowna,2016,PNC,4,34,2016PNC04_34,
P89,C,5,P89C05,Sc,Kelowna,2016,PNC,4,35,2016PNC04_35,
P89,D,5,P89D05,Sc,Kelowna,2016,PNC,4,36,2016PNC04_36,
P89,E,5,P89E05,Sc,Kelowna,2016,PNC,4,37,2016PNC04_37,
P89,F,5,P89F05,Sc,Kelowna,2016,PNC,4,38,2016PNC04_38,
P89,G,5,P89G05,Sc,Kelowna,2016,PNC,4,39,2016PNC04_39,
P89,H,5,P89H05,Sc,Kelowna,2016,PNC,4,40,2016PNC04_40,
P89,A,6,P89A06,Sc,Kelowna,2016,PNC,4,41,2016PNC04_41,
P89,B,6,P89B06,Sc,Kelowna,2016,PNC,4,42,2016PNC04_42,
P89,C,6,P89C06,Sc,Kelowna,2016,PNC,4,43,2016PNC04_43,
P89,D,6,P89D06,Sc,Kelowna,2016,PNC,4,44,2016PNC04_44,
P89,E,6,P89E06,Sc,Kelowna,2016,PNC,4,45,2016PNC04_45,
P89,F,6,P89F06,Sc,Kelowna,2016,PNC,4,46,2016PNC04_46,
P89,G,6,P89G06,Sc,Kelowna,2016,PNC,4,47,2016PNC04_47,
P89,H,6,P89H06,Sc,Kelowna,2016,PNC,4,48,2016PNC04_48,
P89,A,7,P89A07,Sc,Kelowna,2016,PNC,5,1,2016PNC05_01,
P89,B,7,P89B07,Sc,Kelowna,2016,PNC,5,2,2016PNC05_02,
P89,C,7,P89C07,Sc,Kelowna,2016,PNC,5,3,2016PNC05_03,
P89,D,7,P89D07,Sc,Kelowna,2016,PNC,5,4,2016PNC05_04,
P89,E,7,P89E07,Sc,Kelowna,2016,PNC,5,5,2016PNC05_05,
P89,F,7,P89F07,Sc,Kelowna,2016,PNC,5,6,2016PNC05_06,
P89,G,7,P89G07,Sc,Kelowna,2016,PNC,5,7,2016PNC05_07,
P89,H,7,P89H07,Sc,Kelowna,2016,PNC,5,8,2016PNC05_08,
P89,A,8,P89A08,Sc,Kelowna,2016,PNC,5,9,2016PNC05_09,
P89,B,8,P89B08,Sc,Kelowna,2016,PNC,5,10,2016PNC05_10,
P89,C,8,P89C08,Sc,Kelowna,2016,PNC,5,11,2016PNC05_11,
P89,D,8,P89D08,Sc,Kelowna,2016,PNC,5,12,2016PNC05_12,
P89,E,8,P89E08,Sc,Kelowna,2016,PNC,5,13,2016PNC05_13,
P89,F,8,P89F08,Sc,Kelowna,2016,PNC,5,14,2016PNC05_14,
P89,G,8,P89G08,Sc,Kelowna,2016,PNC,5,15,2016PNC05_15,
P89,H,8,P89H08,Sc,Kelowna,2016,PNC,5,16,2016PNC05_16,
P89,A,9,P89A09,Sc,Kelowna,2016,PNC,5,17,2016PNC05_17,
P89,B,9,P89B09,Sc,Kelowna,2016,PNC,5,18,2016PNC05_18,
P89,C,9,P89C09,Sc,Kelowna,2016,PNC,5,19,2016PNC05_19,
P89,D,9,P89D09,Sc,Kelowna,2016,PNC,5,20,2016PNC05_20,
P89,E,9,P89E09,Sc,Kelowna,2016,PNC,5,21,2016PNC05_21,
P89,F,9,P89F09,Sc,Kelowna,2016,PNC,5,22,2016PNC05_22,
P89,G,9,P89G09,Sc,Kelowna,2016,PNC,5,23,2016PNC05_23,
P89,H,9,P89H09,Sc,Kelowna,2016,PNC,5,24,2016PNC05_24,
P89,A,10,P89A10,Sc,Kelowna,2016,PNC,5,25,2016PNC05_25,
P89,B,10,P89B10,Sc,Kelowna,2016,PNC,5,26,2016PNC05_26,
P89,C,10,P89C10,Sc,Kelowna,2016,PNC,5,27,2016PNC05_27,
P89,D,10,P89D10,Sc,Kelowna,2016,PNC,5,28,2016PNC05_28,
P89,E,10,P89E10,Sc,Kelowna,2016,PNC,5,29,2016PNC05_29,
P89,F,10,P89F10,Sc,Kelowna,2016,PNC,5,30,2016PNC05_30,
P89,G,10,P89G10,Sc,Kelowna,2016,PNC,5,31,2016PNC05_31,
P89,H,10,P89H10,Sc,Kelowna,2016,PNC,5,32,2016PNC05_32,
P89,A,11,P89A11,Sc,Kelowna,2016,PNC,5,33,2016PNC05_33,
P89,B,11,P89B11,Sc,Kelowna,2016,PNC,5,34,2016PNC05_34,
P89,C,11,P89C11,Sc,Kelowna,2016,PNC,5,35,2016PNC05_35,
P89,D,11,P89D11,Sc,Kelowna,2016,PNC,5,36,2016PNC05_36,
P89,E,11,P89E11,Sc,Kelowna,2016,PNC,5,37,2016PNC05_37,
P89,F,11,P89F11,Sc,Kelowna,2016,PNC,5,38,2016PNC05_38,
P89,G,11,P89G11,Sc,Kelowna,2016,PNC,5,39,2016PNC05_39,
P89,H,11,P89H11,Sc,Kelowna,2016,PNC,5,40,2016PNC05_40,
P89,A,12,P89A12,Sc,Kelowna,2016,PNC,5,41,2016PNC05_41,
P89,B,12,P89B12,Sc,Kelowna,2016,PNC,5,42,2016PNC05_42,
P89,C,12,P89C12,Sc,Kelowna,2016,PNC,5,43,2016PNC05_43,
P89,D,12,P89D12,Sc,Kelowna,2016,PNC,5,44,2016PNC05_44,
P89,E,12,P89E12,Sc,Kelowna,2016,PNC,5,45,2016PNC05_45,
P89,F,12,P89F12,Sc,Kelowna,2016,PNC,5,46,2016PNC05_46,
P90,A,1,P90A01,Sc,Kelowna,2016,CC,1,1,2016CC01_01,
P90,B,1,P90B01,Sc,Kelowna,2016,CC,1,2,2016CC01_02,
P90,C,1,P90C01,Sc,Kelowna,2016,CC,1,3,2016CC01_03,
P90,D,1,P90D01,Sc,Kelowna,2016,CC,1,4,2016CC01_04,
P90,E,1,P90E01,Sc,Kelowna,2016,CC,1,5,2016CC01_05,
P90,F,1,P90F01,Sc,Kelowna,2016,CC,1,6,2016CC01_06,
P90,G,1,P90G01,Sc,Kelowna,2016,CC,1,7,2016CC01_07,
P90,H,1,P90H01,Sc,Kelowna,2016,CC,1,8,2016CC01_08,
P90,A,2,P90A02,Sc,Kelowna,2016,CC,1,9,2016CC01_09,
P90,B,2,P90B02,Sc,Kelowna,2016,CC,1,10,2016CC01_10,
P90,C,2,P90C02,Sc,Kelowna,2016,CC,1,11,2016CC01_11,
P90,D,2,P90D02,Sc,Kelowna,2016,CC,1,12,2016CC01_12,
P90,E,2,P90E02,Sc,Kelowna,2016,CC,1,13,2016CC01_13,
P90,F,2,P90F02,Sc,Kelowna,2016,CC,1,14,2016CC01_14,
P90,G,2,P90G02,Sc,Kelowna,2016,CC,1,15,2016CC01_15,
P90,H,2,P90H02,Sc,Kelowna,2016,CC,1,16,2016CC01_16,
P90,A,3,P90A03,Sc,Kelowna,2016,CC,1,17,2016CC01_17,
P90,B,3,P90B03,Sc,Kelowna,2016,CC,1,18,2016CC01_18,
P90,C,3,P90C03,Sc,Kelowna,2016,CC,1,19,2016CC01_19,
P90,D,3,P90D03,Sc,Kelowna,2016,CC,1,20,2016CC01_20,
P90,E,3,P90E03,Sc,Kelowna,2016,CC,1,21,2016CC01_21,
P90,F,3,P90F03,Sc,Kelowna,2016,CC,1,22,2016CC01_22,
P90,G,3,P90G03,Sc,Kelowna,2016,CC,1,23,2016CC01_23,
P90,H,3,P90H03,Sc,Kelowna,2016,CC,1,24,2016CC01_24,
P90,A,4,P90A04,Sc,Kelowna,2016,CC,1,25,2016CC01_25,
P90,B,4,P90B04,Sc,Kelowna,2016,CC,1,26,2016CC01_26,
P90,C,4,P90C04,Sc,Kelowna,2016,CC,1,27,2016CC01_27,
P90,D,4,P90D04,Sc,Kelowna,2016,CC,1,28,2016CC01_28,
P90,E,4,P90E04,Sc,Kelowna,2016,CC,1,29,2016CC01_29,
P90,F,4,P90F04,Sc,Kelowna,2016,CC,1,30,2016CC01_30,
P90,G,4,P90G04,Sc,Kelowna,2016,CC,1,31,2016CC01_31,
P90,H,4,P90H04,Sc,Kelowna,2016,CC,1,32,2016CC01_32,
P90,A,5,P90A05,Sc,Kelowna,2016,CC,1,33,2016CC01_33,
P90,B,5,P90B05,Sc,Kelowna,2016,CC,1,34,2016CC01_34,
P90,C,5,P90C05,Sc,Kelowna,2016,CC,1,35,2016CC01_35,
P90,D,5,P90D05,Sc,Kelowna,2016,CC,1,36,2016CC01_36,
P90,E,5,P90E05,Sc,Kelowna,2016,CC,1,37,2016CC01_37,
P90,F,5,P90F05,Sc,Kelowna,2016,CC,1,38,2016CC01_38,
P90,G,5,P90G05,Sc,Kelowna,2016,CC,1,39,2016CC01_39,
P90,H,5,P90H05,Sc,Kelowna,2016,CC,1,40,2016CC01_40,
P90,A,6,P90A06,Sc,Kelowna,2016,CC,1,41,2016CC01_41,
P90,B,6,P90B06,Sc,Kelowna,2016,CC,1,42,2016CC01_42,
P90,C,6,P90C06,Sc,Kelowna,2016,CC,1,43,2016CC01_43,
P90,D,6,P90D06,Sc,Kelowna,2016,CC,1,44,2016CC01_44,
P90,E,6,P90E06,Sc,Kelowna,2016,CC,1,45,2016CC01_45,
P90,F,6,P90F06,Sc,Kelowna,2016,CC,1,46,2016CC01_46,
P90,G,6,P90G06,Sc,Kelowna,2016,CC,1,47,2016CC01_47,
P90,H,6,P90H06,Sc,Kelowna,2016,CC,1,48,2016CC01_48,
P90,A,7,P90A07,Sc,Kelowna,2016,CC,2,1,2016CC02_01,
P90,B,7,P90B07,Sc,Kelowna,2016,CC,2,2,2016CC02_02,
P90,C,7,P90C07,Sc,Kelowna,2016,CC,2,3,2016CC02_03,
P90,D,7,P90D07,Sc,Kelowna,2016,CC,2,4,2016CC02_04,
P90,E,7,P90E07,Sc,Kelowna,2016,CC,2,5,2016CC02_05,
P90,F,7,P90F07,Sc,Kelowna,2016,CC,2,6,2016CC02_06,
P90,G,7,P90G07,Sc,Kelowna,2016,CC,2,7,2016CC02_07,
P90,H,7,P90H07,Sc,Kelowna,2016,CC,2,8,2016CC02_08,
P90,A,8,P90A08,Sc,Kelowna,2016,CC,2,9,2016CC02_09,
P90,B,8,P90B08,Sc,Kelowna,2016,CC,2,10,2016CC02_10,
P90,C,8,P90C08,Sc,Kelowna,2016,CC,2,11,2016CC02_11,
P90,D,8,P90D08,Sc,Kelowna,2016,CC,2,12,2016CC02_12,
P90,E,8,P90E08,Sc,Kelowna,2016,CC,2,13,2016CC02_13,
P90,F,8,P90F08,Sc,Kelowna,2016,CC,2,14,2016CC02_14,
P90,G,8,P90G08,Sc,Kelowna,2016,CC,2,15,2016CC02_15,
P90,H,8,P90H08,Sc,Kelowna,2016,CC,2,16,2016CC02_16,
P90,A,9,P90A09,Sc,Kelowna,2016,CC,2,17,2016CC02_17,
P90,B,9,P90B09,Sc,Kelowna,2016,CC,2,18,2016CC02_18,
P90,C,9,P90C09,Sc,Kelowna,2016,CC,2,19,2016CC02_19,
P90,D,9,P90D09,Sc,Kelowna,2016,CC,2,20,2016CC02_20,
P90,E,9,P90E09,Sc,Kelowna,2016,CC,2,21,2016CC02_21,
P90,F,9,P90F09,Sc,Kelowna,2016,CC,2,22,2016CC02_22,
P90,G,9,P90G09,Sc,Kelowna,2016,CC,2,23,2016CC02_23,
P90,H,9,P90H09,Sc,Kelowna,2016,CC,2,24,2016CC02_24,
P90,A,10,P90A10,Sc,Kelowna,2016,CC,2,25,2016CC02_25,
P90,B,10,P90B10,Sc,Kelowna,2016,CC,2,26,2016CC02_26,
P90,C,10,P90C10,Sc,Kelowna,2016,CC,2,27,2016CC02_27,
P90,D,10,P90D10,Sc,Kelowna,2016,CC,2,28,2016CC02_28,
P90,E,10,P90E10,Sc,Kelowna,2016,CC,2,29,2016CC02_29,
P90,F,10,P90F10,Sc,Kelowna,2016,CC,2,30,2016CC02_30,
P90,G,10,P90G10,Sc,Kelowna,2016,CC,2,31,2016CC02_31,
P90,H,10,P90H10,Sc,Kelowna,2016,CC,2,32,2016CC02_32,
P90,A,11,P90A11,Sc,Kelowna,2016,CC,2,33,2016CC02_33,
P90,B,11,P90B11,Sc,Kelowna,2016,CC,2,34,2016CC02_34,
P90,C,11,P90C11,Sc,Kelowna,2016,CC,2,35,2016CC02_35,
P90,D,11,P90D11,Sc,Kelowna,2016,CC,2,36,2016CC02_36,
P90,E,11,P90E11,Sc,Kelowna,2016,CC,2,37,2016CC02_37,
P90,F,11,P90F11,Sc,Kelowna,2016,CC,2,38,2016CC02_38,
P90,G,11,P90G11,Sc,Kelowna,2016,CC,2,39,2016CC02_39,
P90,H,11,P90H11,Sc,Kelowna,2016,CC,2,40,2016CC02_40,
P90,A,12,P90A12,Sc,Kelowna,2016,CC,2,41,2016CC02_41,
P90,B,12,P90B12,Sc,Kelowna,2016,CC,2,42,2016CC02_42,
P90,C,12,P90C12,Sc,Kelowna,2016,CC,2,43,2016CC02_43,
P90,D,12,P90D12,Sc,Kelowna,2016,CC,2,44,2016CC02_44,
P90,E,12,P90E12,Sc,Kelowna,2016,CC,2,45,2016CC02_45,
P90,F,12,P90F12,Sc,Kelowna,2016,CC,2,46,2016CC02_46,
P91,A,1,P91A01,Sc,Kelowna,2016,CC,3,1,2016CC03_01,
P91,B,1,P91B01,Sc,Kelowna,2016,CC,3,2,2016CC03_02,
P91,C,1,P91C01,Sc,Kelowna,2016,CC,3,3,2016CC03_03,
P91,D,1,P91D01,Sc,Kelowna,2016,CC,3,4,2016CC03_04,
P91,E,1,P91E01,Sc,Kelowna,2016,CC,3,5,2016CC03_05,
P91,F,1,P91F01,Sc,Kelowna,2016,CC,3,6,2016CC03_06,
P91,G,1,P91G01,Sc,Kelowna,2016,CC,3,7,2016CC03_07,
P91,H,1,P91H01,Sc,Kelowna,2016,CC,3,8,2016CC03_08,
P91,A,2,P91A02,Sc,Kelowna,2016,CC,3,9,2016CC03_09,
P91,B,2,P91B02,Sc,Kelowna,2016,CC,3,10,2016CC03_10,
P91,C,2,P91C02,Sc,Kelowna,2016,CC,3,11,2016CC03_11,
P91,D,2,P91D02,Sc,Kelowna,2016,CC,3,12,2016CC03_12,
P91,E,2,P91E02,Sc,Kelowna,2016,CC,3,13,2016CC03_13,
P91,F,2,P91F02,Sc,Kelowna,2016,CC,3,14,2016CC03_14,
P91,G,2,P91G02,Sc,Kelowna,2016,CC,3,15,2016CC03_15,
P91,H,2,P91H02,Sc,Kelowna,2016,CC,3,16,2016CC03_16,
P91,A,3,P91A03,Sc,Kelowna,2016,CC,3,17,2016CC03_17,
P91,B,3,P91B03,Sc,Kelowna,2016,CC,3,18,2016CC03_18,
P91,C,3,P91C03,Sc,Kelowna,2016,CC,3,19,2016CC03_19,
P91,D,3,P91D03,Sc,Kelowna,2016,CC,3,20,2016CC03_20,
P91,E,3,P91E03,Sc,Kelowna,2016,CC,3,21,2016CC03_21,
P91,F,3,P91F03,Sc,Kelowna,2016,CC,3,22,2016CC03_22,
P91,G,3,P91G03,Sc,Kelowna,2016,CC,3,23,2016CC03_23,
P91,H,3,P91H03,Sc,Kelowna,2016,CC,3,24,2016CC03_24,
P91,A,4,P91A04,Sc,Kelowna,2016,CC,3,25,2016CC03_25,
P91,B,4,P91B04,Sc,Kelowna,2016,CC,3,26,2016CC03_26,
P91,C,4,P91C04,Sc,Kelowna,2016,CC,3,27,2016CC03_27,
P91,D,4,P91D04,Sc,Kelowna,2016,CC,3,28,2016CC03_28,
P91,E,4,P91E04,Sc,Kelowna,2016,CC,3,29,2016CC03_29,
P91,F,4,P91F04,Sc,Kelowna,2016,CC,3,30,2016CC03_30,
P91,G,4,P91G04,Sc,Kelowna,2016,CC,3,31,2016CC03_31,
P91,H,4,P91H04,Sc,Kelowna,2016,CC,3,32,2016CC03_32,
P91,A,5,P91A05,Sc,Kelowna,2016,CC,3,33,2016CC03_33,
P91,B,5,P91B05,Sc,Kelowna,2016,CC,3,34,2016CC03_34,
P91,C,5,P91C05,Sc,Kelowna,2016,CC,3,35,2016CC03_35,
P91,D,5,P91D05,Sc,Kelowna,2016,CC,3,36,2016CC03_36,
P91,E,5,P91E05,Sc,Kelowna,2016,CC,3,37,2016CC03_37,
P91,F,5,P91F05,Sc,Kelowna,2016,CC,3,38,2016CC03_38,
P91,G,5,P91G05,Sc,Kelowna,2016,CC,3,39,2016CC03_39,
P91,H,5,P91H05,Sc,Kelowna,2016,CC,3,40,2016CC03_40,
P91,A,6,P91A06,Sc,Kelowna,2016,CC,3,41,2016CC03_41,
P91,B,6,P91B06,Sc,Kelowna,2016,CC,3,42,2016CC03_42,
P91,C,6,P91C06,Sc,Kelowna,2016,CC,3,43,2016CC03_43,
P91,D,6,P91D06,Sc,Kelowna,2016,CC,3,44,2016CC03_44,
P91,E,6,P91E06,Sc,Kelowna,2016,CC,3,45,2016CC03_45,
P91,F,6,P91F06,Sc,Kelowna,2016,CC,3,46,2016CC03_46,
P91,G,6,P91G06,Sc,Kelowna,2016,CC,3,47,2016CC03_47,
P91,H,6,P91H06,Sc,Kelowna,2016,CC,3,48,2016CC03_48,
P91,A,7,P91A07,Sc,Kelowna,2016,CC,4,1,2016CC04_01,
P91,B,7,P91B07,Sc,Kelowna,2016,CC,4,2,2016CC04_02,
P91,C,7,P91C07,Sc,Kelowna,2016,CC,4,3,2016CC04_03,
P91,D,7,P91D07,Sc,Kelowna,2016,CC,4,4,2016CC04_04,
P91,E,7,P91E07,Sc,Kelowna,2016,CC,4,5,2016CC04_05,
P91,F,7,P91F07,Sc,Kelowna,2016,CC,4,6,2016CC04_06,
P91,G,7,P91G07,Sc,Kelowna,2016,CC,4,7,2016CC04_07,
P91,H,7,P91H07,Sc,Kelowna,2016,CC,4,8,2016CC04_08,
P91,A,8,P91A08,Sc,Kelowna,2016,CC,4,9,2016CC04_09,
P91,B,8,P91B08,Sc,Kelowna,2016,CC,4,10,2016CC04_10,
P91,C,8,P91C08,Sc,Kelowna,2016,CC,4,11,2016CC04_11,
P91,D,8,P91D08,Sc,Kelowna,2016,CC,4,12,2016CC04_12,
P91,E,8,P91E08,Sc,Kelowna,2016,CC,4,13,2016CC04_13,
P91,F,8,P91F08,Sc,Kelowna,2016,CC,4,14,2016CC04_14,
P91,G,8,P91G08,Sc,Kelowna,2016,CC,4,15,2016CC04_15,
P91,H,8,P91H08,Sc,Kelowna,2016,CC,4,16,2016CC04_16,
P91,A,9,P91A09,Sc,Kelowna,2016,CC,4,17,2016CC04_17,
P91,B,9,P91B09,Sc,Kelowna,2016,CC,4,18,2016CC04_18,
P91,C,9,P91C09,Sc,Kelowna,2016,CC,4,19,2016CC04_19,
P91,D,9,P91D09,Sc,Kelowna,2016,CC,4,20,2016CC04_20,
P91,E,9,P91E09,Sc,Kelowna,2016,CC,4,21,2016CC04_21,
P91,F,9,P91F09,Sc,Kelowna,2016,CC,4,22,2016CC04_22,
P91,G,9,P91G09,Sc,Kelowna,2016,CC,4,23,2016CC04_23,
P91,H,9,P91H09,Sc,Kelowna,2016,CC,4,24,2016CC04_24,
P91,A,10,P91A10,Sc,Kelowna,2016,CC,4,25,2016CC04_25,
P91,B,10,P91B10,Sc,Kelowna,2016,CC,4,26,2016CC04_26,
P91,C,10,P91C10,Sc,Kelowna,2016,CC,4,27,2016CC04_27,
P91,D,10,P91D10,Sc,Kelowna,2016,CC,4,28,2016CC04_28,
P91,E,10,P91E10,Sc,Kelowna,2016,CC,4,29,2016CC04_29,
P91,F,10,P91F10,Sc,Kelowna,2016,CC,4,30,2016CC04_30,
P91,G,10,P91G10,Sc,Kelowna,2016,CC,4,31,2016CC04_31,
P91,H,10,P91H10,Sc,Kelowna,2016,CC,4,32,2016CC04_32,
P91,A,11,P91A11,Sc,Kelowna,2016,CC,4,33,2016CC04_33,
P91,B,11,P91B11,Sc,Kelowna,2016,CC,4,34,2016CC04_34,
P91,C,11,P91C11,Sc,Kelowna,2016,CC,4,35,2016CC04_35,
P91,D,11,P91D11,Sc,Kelowna,2016,CC,4,36,2016CC04_36,
P91,E,11,P91E11,Sc,Kelowna,2016,CC,4,37,2016CC04_37,
P91,F,11,P91F11,Sc,Kelowna,2016,CC,4,38,2016CC04_38,
P91,G,11,P91G11,Sc,Kelowna,2016,CC,4,39,2016CC04_39,
P91,H,11,P91H11,Sc,Kelowna,2016,CC,4,40,2016CC04_40,
P91,A,12,P91A12,Sc,Kelowna,2016,CC,4,41,2016CC04_41,
P91,B,12,P91B12,Sc,Kelowna,2016,CC,4,42,2016CC04_42,
P91,C,12,P91C12,Sc,Kelowna,2016,CC,4,43,2016CC04_43,
P91,D,12,P91D12,Sc,Kelowna,2016,CC,4,44,2016CC04_44,
P91,E,12,P91E12,Sc,Kelowna,2016,CC,4,45,2016CC04_45,
P91,F,12,P91F12,Sc,Kelowna,2016,CC,4,46,2016CC04_46,
P92,A,1,P92A01,Sc,Kelowna,2016,CC,5,1,2016CC05_01,
P92,B,1,P92B01,Sc,Kelowna,2016,CC,5,2,2016CC05_02,
P92,C,1,P92C01,Sc,Kelowna,2016,CC,5,3,2016CC05_03,
P92,D,1,P92D01,Sc,Kelowna,2016,CC,5,4,2016CC05_04,
P92,E,1,P92E01,Sc,Kelowna,2016,CC,5,5,2016CC05_05,
P92,F,1,P92F01,Sc,Kelowna,2016,CC,5,6,2016CC05_06,
P92,G,1,P92G01,Sc,Kelowna,2016,CC,5,7,2016CC05_07,
P92,H,1,P92H01,Sc,Kelowna,2016,CC,5,8,2016CC05_08,
P92,A,2,P92A02,Sc,Kelowna,2016,CC,5,9,2016CC05_09,
P92,B,2,P92B02,Sc,Kelowna,2016,CC,5,10,2016CC05_10,
P92,C,2,P92C02,Sc,Kelowna,2016,CC,5,11,2016CC05_11,
P92,D,2,P92D02,Sc,Kelowna,2016,CC,5,12,2016CC05_12,
P92,E,2,P92E02,Sc,Kelowna,2016,CC,5,13,2016CC05_13,
P92,F,2,P92F02,Sc,Kelowna,2016,CC,5,14,2016CC05_14,
P92,G,2,P92G02,Sc,Kelowna,2016,CC,5,15,2016CC05_15,
P92,H,2,P92H02,Sc,Kelowna,2016,CC,5,16,2016CC05_16,
P92,A,3,P92A03,Sc,Kelowna,2016,CC,5,17,2016CC05_17,
P92,B,3,P92B03,Sc,Kelowna,2016,CC,5,18,2016CC05_18,
P92,C,3,P92C03,Sc,Kelowna,2016,CC,5,19,2016CC05_19,
P92,D,3,P92D03,Sc,Kelowna,2016,CC,5,20,2016CC05_20,
P92,E,3,P92E03,Sc,Kelowna,2016,CC,5,21,2016CC05_21,
P92,F,3,P92F03,Sc,Kelowna,2016,CC,5,22,2016CC05_22,
P92,G,3,P92G03,Sc,Kelowna,2016,CC,5,23,2016CC05_23,
P92,H,3,P92H03,Sc,Kelowna,2016,CC,5,24,2016CC05_24,
P92,A,4,P92A04,Sc,Kelowna,2016,CC,5,25,2016CC05_25,
P92,B,4,P92B04,Sc,Kelowna,2016,CC,5,26,2016CC05_26,
P92,C,4,P92C04,Sc,Kelowna,2016,CC,5,27,2016CC05_27,
P92,D,4,P92D04,Sc,Kelowna,2016,CC,5,28,2016CC05_28,
P92,E,4,P92E04,Sc,Kelowna,2016,CC,5,29,2016CC05_29,
P92,F,4,P92F04,Sc,Kelowna,2016,CC,5,30,2016CC05_30,
P92,G,4,P92G04,Sc,Kelowna,2016,CC,5,31,2016CC05_31,
P92,H,4,P92H04,Sc,Kelowna,2016,CC,5,32,2016CC05_32,
P92,A,5,P92A05,Sc,Kelowna,2016,CC,5,33,2016CC05_33,
P92,B,5,P92B05,Sc,Kelowna,2016,CC,5,34,2016CC05_34,
P92,C,5,P92C05,Sc,Kelowna,2016,CC,5,35,2016CC05_35,
P92,D,5,P92D05,Sc,Kelowna,2016,CC,5,36,2016CC05_36,
P92,E,5,P92E05,Sc,Kelowna,2016,CC,5,37,2016CC05_37,
P92,F,5,P92F05,Sc,Kelowna,2016,CC,5,38,2016CC05_38,
P92,G,5,P92G05,Sc,Kelowna,2016,CC,5,39,2016CC05_39,
P92,H,5,P92H05,Sc,Kelowna,2016,CC,5,40,2016CC05_40,
P92,A,6,P92A06,Sc,Kelowna,2016,CC,5,41,2016CC05_41,
P92,B,6,P92B06,Sc,Kelowna,2016,CC,5,42,2016CC05_42,
P92,C,6,P92C06,Sc,Kelowna,2016,CC,5,43,2016CC05_43,
P92,D,6,P92D06,Sc,Kelowna,2016,CC,5,44,2016CC05_44,
P92,E,6,P92E06,Sc,Kelowna,2016,CC,5,45,2016CC05_45,
P92,F,6,P92F06,Sc,Kelowna,2016,CC,5,46,2016CC05_46,
P92,G,6,P92G06,Sc,Kelowna,2016,CC,5,47,2016CC05_47,
P92,H,6,P92H06,Sc,Kelowna,2016,CC,5,48,2016CC05_48,
P92,A,7,P92A07,Sc,Kelowna,2016,CC,6,1,2016CC06_01,
P92,B,7,P92B07,Sc,Kelowna,2016,CC,6,2,2016CC06_02,
P92,C,7,P92C07,Sc,Kelowna,2016,CC,6,3,2016CC06_03,
P92,D,7,P92D07,Sc,Kelowna,2016,CC,6,4,2016CC06_04,
P92,E,7,P92E07,Sc,Kelowna,2016,CC,6,5,2016CC06_05,
P92,F,7,P92F07,Sc,Kelowna,2016,CC,6,6,2016CC06_06,
P92,G,7,P92G07,Sc,Kelowna,2016,CC,6,7,2016CC06_07,
P92,H,7,P92H07,Sc,Kelowna,2016,CC,6,8,2016CC06_08,
P92,A,8,P92A08,Sc,Kelowna,2016,CC,6,9,2016CC06_09,
P92,B,8,P92B08,Sc,Kelowna,2016,CC,6,10,2016CC06_10,
P92,C,8,P92C08,Sc,Kelowna,2016,CC,6,11,2016CC06_11,
P92,D,8,P92D08,Sc,Kelowna,2016,CC,6,12,2016CC06_12,
P92,E,8,P92E08,Sc,Kelowna,2016,CC,6,13,2016CC06_13,
P92,F,8,P92F08,Sc,Kelowna,2016,CC,6,14,2016CC06_14,
P92,G,8,P92G08,Sc,Kelowna,2016,CC,6,15,2016CC06_15,
P92,H,8,P92H08,Sc,Kelowna,2016,CC,6,16,2016CC06_16,
P92,A,9,P92A09,Sc,Kelowna,2016,CC,6,17,2016CC06_17,
P92,B,9,P92B09,Sc,Kelowna,2016,CC,6,18,2016CC06_18,
P92,C,9,P92C09,Sc,Kelowna,2016,CC,6,19,2016CC06_19,
P92,D,9,P92D09,Sc,Kelowna,2016,CC,6,20,2016CC06_20,
P92,E,9,P92E09,Sc,Kelowna,2016,CC,6,21,2016CC06_21,
P92,F,9,P92F09,Sc,Kelowna,2016,CC,6,22,2016CC06_22,
P92,G,9,P92G09,Sc,Kelowna,2016,CC,6,23,2016CC06_23,
P92,H,9,P92H09,Sc,Kelowna,2016,CC,6,24,2016CC06_24,
P92,A,10,P92A10,Sc,Kelowna,2016,CC,6,25,2016CC06_25,
P92,B,10,P92B10,Sc,Kelowna,2016,CC,6,26,2016CC06_26,
P92,C,10,P92C10,Sc,Kelowna,2016,CC,6,27,2016CC06_27,
P92,D,10,P92D10,Sc,Kelowna,2016,CC,6,28,2016CC06_28,
P92,E,10,P92E10,Sc,Kelowna,2016,CC,6,29,2016CC06_29,
P92,F,10,P92F10,Sc,Kelowna,2016,CC,6,30,2016CC06_30,
P92,G,10,P92G10,Sc,Kelowna,2016,CC,6,31,2016CC06_31,
P92,H,10,P92H10,Sc,Kelowna,2016,CC,6,32,2016CC06_32,
P92,A,11,P92A11,Sc,Kelowna,2016,CC,6,33,2016CC06_33,
P92,B,11,P92B11,Sc,Kelowna,2016,CC,6,34,2016CC06_34,
P92,C,11,P92C11,Sc,Kelowna,2016,CC,6,35,2016CC06_35,
P92,D,11,P92D11,Sc,Kelowna,2016,CC,6,36,2016CC06_36,
P92,E,11,P92E11,Sc,Kelowna,2016,CC,6,37,2016CC06_37,
P92,F,11,P92F11,Sc,Kelowna,2016,CC,6,38,2016CC06_38,
P92,G,11,P92G11,Sc,Kelowna,2016,CC,6,39,2016CC06_39,
P92,H,11,P92H11,Sc,Kelowna,2016,CC,6,40,2016CC06_40,
P92,A,12,P92A12,Sc,Kelowna,2016,CC,6,41,2016CC06_41,
P92,B,12,P92B12,Sc,Kelowna,2016,CC,6,42,2016CC06_42,
P92,C,12,P92C12,Sc,Kelowna,2016,CC,6,43,2016CC06_43,
P92,D,12,P92D12,Sc,Kelowna,2016,CC,6,44,2016CC06_44,
P92,E,12,P92E12,Sc,Kelowna,2016,CC,6,45,2016CC06_45,
P92,F,12,P92F12,Sc,Kelowna,2016,CC,6,46,2016CC06_46,
P93,A,1,P93A01,Sc,PentictonNaramata,2016,TII,1,1,2016TII01_01,
P93,B,1,P93B01,Sc,PentictonNaramata,2016,TII,1,2,2016TII01_02,
P93,C,1,P93C01,Sc,PentictonNaramata,2016,TII,1,3,2016TII01_03,
P93,D,1,P93D01,Sc,PentictonNaramata,2016,TII,1,4,2016TII01_04,
P93,E,1,P93E01,Sc,PentictonNaramata,2016,TII,1,5,2016TII01_05,
P93,F,1,P93F01,Sc,PentictonNaramata,2016,TII,1,6,2016TII01_06,
P93,G,1,P93G01,Sc,PentictonNaramata,2016,TII,1,7,2016TII01_07,
P93,H,1,P93H01,Sc,PentictonNaramata,2016,TII,1,8,2016TII01_08,
P93,A,2,P93A02,Sc,PentictonNaramata,2016,TII,1,9,2016TII01_09,
P93,B,2,P93B02,Sc,PentictonNaramata,2016,TII,1,10,2016TII01_10,
P93,C,2,P93C02,Sc,PentictonNaramata,2016,TII,1,11,2016TII01_11,
P93,D,2,P93D02,Sc,PentictonNaramata,2016,TII,1,12,2016TII01_12,
P93,E,2,P93E02,Sc,PentictonNaramata,2016,TII,1,13,2016TII01_13,
P93,F,2,P93F02,Sc,PentictonNaramata,2016,TII,1,14,2016TII01_14,
P93,G,2,P93G02,Sc,PentictonNaramata,2016,TII,1,15,2016TII01_15,
P93,H,2,P93H02,Sc,PentictonNaramata,2016,TII,1,16,2016TII01_16,
P93,A,3,P93A03,Sc,PentictonNaramata,2016,TII,1,17,2016TII01_17,
P93,B,3,P93B03,Sc,PentictonNaramata,2016,TII,1,18,2016TII01_18,
P93,C,3,P93C03,Sc,PentictonNaramata,2016,TII,1,19,2016TII01_19,
P93,D,3,P93D03,Sc,PentictonNaramata,2016,TII,1,20,2016TII01_20,
P93,E,3,P93E03,Sc,PentictonNaramata,2016,TII,1,21,2016TII01_21,
P93,F,3,P93F03,Sc,PentictonNaramata,2016,TII,1,22,2016TII01_22,
P93,G,3,P93G03,Sc,PentictonNaramata,2016,TII,1,23,2016TII01_23,
P93,H,3,P93H03,Sc,PentictonNaramata,2016,TII,1,24,2016TII01_24,
P93,A,4,P93A04,Sc,PentictonNaramata,2016,TII,1,25,2016TII01_25,
P93,B,4,P93B04,Sc,PentictonNaramata,2016,TII,1,26,2016TII01_26,
P93,C,4,P93C04,Sc,PentictonNaramata,2016,TII,1,27,2016TII01_27,
P93,D,4,P93D04,Sc,PentictonNaramata,2016,TII,1,28,2016TII01_28,
P93,E,4,P93E04,Sc,PentictonNaramata,2016,TII,1,29,2016TII01_29,
P93,F,4,P93F04,Sc,PentictonNaramata,2016,TII,1,30,2016TII01_30,
P93,G,4,P93G04,Sc,PentictonNaramata,2016,TII,1,31,2016TII01_31,
P93,H,4,P93H04,Sc,PentictonNaramata,2016,TII,1,32,2016TII01_32,
P93,A,5,P93A05,Sc,PentictonNaramata,2016,TII,1,33,2016TII01_33,
P93,B,5,P93B05,Sc,PentictonNaramata,2016,TII,1,34,2016TII01_34,
P93,C,5,P93C05,Sc,PentictonNaramata,2016,TII,1,35,2016TII01_35,
P93,D,5,P93D05,Sc,PentictonNaramata,2016,TII,1,36,2016TII01_36,
P93,E,5,P93E05,Sc,PentictonNaramata,2016,TII,1,37,2016TII01_37,
P93,F,5,P93F05,Sc,PentictonNaramata,2016,TII,1,38,2016TII01_38,
P93,G,5,P93G05,Sc,PentictonNaramata,2016,TII,1,39,2016TII01_39,
P93,H,5,P93H05,Sc,PentictonNaramata,2016,TII,1,40,2016TII01_40,
P93,A,6,P93A06,Sc,PentictonNaramata,2016,TII,1,41,2016TII01_41,
P93,B,6,P93B06,Sc,PentictonNaramata,2016,TII,1,42,2016TII01_42,
P93,C,6,P93C06,Sc,PentictonNaramata,2016,TII,1,43,2016TII01_43,
P93,D,6,P93D06,Sc,PentictonNaramata,2016,TII,1,44,2016TII01_44,
P93,E,6,P93E06,Sc,PentictonNaramata,2016,TII,1,45,2016TII01_45,
P93,F,6,P93F06,Sc,PentictonNaramata,2016,TII,1,46,2016TII01_46,
P93,G,6,P93G06,Sc,PentictonNaramata,2016,TII,1,47,2016TII01_47,
P93,H,6,P93H06,Sc,PentictonNaramata,2016,TII,1,48,2016TII01_48,
P93,A,7,P93A07,Sc,Kelowna,2016,PNA,6,1,2016PNA06_01,
P93,B,7,P93B07,Sc,Kelowna,2016,PNA,6,2,2016PNA06_02,
P93,C,7,P93C07,Sc,Kelowna,2016,PNA,6,3,2016PNA06_03,
P93,D,7,P93D07,Sc,Kelowna,2016,PNA,6,4,2016PNA06_04,
P93,E,7,P93E07,Sc,Kelowna,2016,PNA,6,5,2016PNA06_05,
P93,F,7,P93F07,Sc,Kelowna,2016,PNA,6,6,2016PNA06_06,
P93,G,7,P93G07,Sc,Kelowna,2016,PNA,6,7,2016PNA06_07,
P93,H,7,P93H07,Sc,Kelowna,2016,PNA,6,8,2016PNA06_08,
P93,A,8,P93A08,Sc,Kelowna,2016,PNA,6,9,2016PNA06_09,
P93,B,8,P93B08,Sc,Kelowna,2016,PNA,6,10,2016PNA06_10,
P93,C,8,P93C08,Sc,Kelowna,2016,PNA,6,11,2016PNA06_11,
P93,D,8,P93D08,Sc,Kelowna,2016,PNA,6,12,2016PNA06_12,
P93,E,8,P93E08,Sc,Kelowna,2016,PNA,6,13,2016PNA06_13,
P93,F,8,P93F08,Sc,Kelowna,2016,PNA,6,14,2016PNA06_14,
P93,G,8,P93G08,Sc,Kelowna,2016,PNA,6,15,2016PNA06_15,
P93,H,8,P93H08,Sc,Kelowna,2016,PNA,6,16,2016PNA06_16,
P93,A,9,P93A09,Sc,Kelowna,2016,PNA,6,17,2016PNA06_17,
P93,B,9,P93B09,Sc,Kelowna,2016,PNA,6,18,2016PNA06_18,
P93,C,9,P93C09,Sc,Kelowna,2016,PNA,6,19,2016PNA06_19,
P93,D,9,P93D09,Sc,Kelowna,2016,PNA,6,20,2016PNA06_20,
P93,E,9,P93E09,Sc,Kelowna,2016,PNA,6,21,2016PNA06_21,
P93,F,9,P93F09,Sc,Kelowna,2016,PNA,6,22,2016PNA06_22,
P93,G,9,P93G09,Sc,Kelowna,2016,PNA,6,23,2016PNA06_23,
P93,H,9,P93H09,Sc,Kelowna,2016,PNA,6,24,2016PNA06_24,
P93,A,10,P93A10,Sc,Kelowna,2016,PNA,6,25,2016PNA06_25,
P93,B,10,P93B10,Sc,Kelowna,2016,PNA,6,26,2016PNA06_26,
P93,C,10,P93C10,Sc,Kelowna,2016,PNA,6,27,2016PNA06_27,
P93,D,10,P93D10,Sc,Kelowna,2016,PNA,6,28,2016PNA06_28,
P93,E,10,P93E10,Sc,Kelowna,2016,PNA,6,29,2016PNA06_29,
P93,F,10,P93F10,Sc,Kelowna,2016,PNA,6,30,2016PNA06_30,
P93,G,10,P93G10,Sc,Kelowna,2016,PNA,6,31,2016PNA06_31,
P93,H,10,P93H10,Sc,Kelowna,2016,PNA,6,32,2016PNA06_32,
P93,A,11,P93A11,Sc,Kelowna,2016,PNA,6,33,2016PNA06_33,
P93,B,11,P93B11,Sc,Kelowna,2016,PNA,6,34,2016PNA06_34,
P93,C,11,P93C11,Sc,Kelowna,2016,PNA,6,35,2016PNA06_35,
P93,D,11,P93D11,Sc,Kelowna,2016,PNA,6,36,2016PNA06_36,
P93,E,11,P93E11,Sc,Kelowna,2016,PNA,6,37,2016PNA06_37,
P93,F,11,P93F11,Sc,Kelowna,2016,PNA,6,38,2016PNA06_38,
P93,G,11,P93G11,Sc,Kelowna,2016,PNA,6,39,2016PNA06_39,
P93,H,11,P93H11,Sc,Kelowna,2016,PNA,6,40,2016PNA06_40,
P93,A,12,P93A12,Sc,Kelowna,2016,PNA,6,41,2016PNA06_41,
P93,B,12,P93B12,Sc,Kelowna,2016,PNA,6,42,2016PNA06_42,
P93,C,12,P93C12,Sc,Kelowna,2016,PNA,6,43,2016PNA06_43,
P93,D,12,P93D12,Sc,Kelowna,2016,PNA,6,44,2016PNA06_44,
P93,E,12,P93E12,Sc,Kelowna,2016,PNA,6,45,2016PNA06_45,
P93,F,12,P93F12,Sc,Kelowna,2016,PNA,6,46,2016PNA06_46,
P94,A,1,P94A01,Sc,Kelowna,2016,PNC,6,1,2016PNC06_01,
P94,B,1,P94B01,Sc,Kelowna,2016,PNC,6,2,2016PNC06_02,
P94,C,1,P94C01,Sc,Kelowna,2016,PNC,6,3,2016PNC06_03,
P94,D,1,P94D01,Sc,Kelowna,2016,PNC,6,4,2016PNC06_04,
P94,E,1,P94E01,Sc,Kelowna,2016,PNC,6,5,2016PNC06_05,
P94,F,1,P94F01,Sc,Kelowna,2016,PNC,6,6,2016PNC06_06,
P94,G,1,P94G01,Sc,Kelowna,2016,PNC,6,7,2016PNC06_07,
P94,H,1,P94H01,Sc,Kelowna,2016,PNC,6,8,2016PNC06_08,
P94,A,2,P94A02,Sc,Kelowna,2016,PNC,6,9,2016PNC06_09,
P94,B,2,P94B02,Sc,Kelowna,2016,PNC,6,10,2016PNC06_10,
P94,C,2,P94C02,Sc,Kelowna,2016,PNC,6,11,2016PNC06_11,
P94,D,2,P94D02,Sc,Kelowna,2016,PNC,6,12,2016PNC06_12,
P94,E,2,P94E02,Sc,Kelowna,2016,PNC,6,13,2016PNC06_13,
P94,F,2,P94F02,Sc,Kelowna,2016,PNC,6,14,2016PNC06_14,
P94,G,2,P94G02,Sc,Kelowna,2016,PNC,6,15,2016PNC06_15,
P94,H,2,P94H02,Sc,Kelowna,2016,PNC,6,16,2016PNC06_16,
P94,A,3,P94A03,Sc,Kelowna,2016,PNC,6,17,2016PNC06_17,
P94,B,3,P94B03,Sc,Kelowna,2016,PNC,6,18,2016PNC06_18,
P94,C,3,P94C03,Sc,Kelowna,2016,PNC,6,19,2016PNC06_19,
P94,D,3,P94D03,Sc,Kelowna,2016,PNC,6,20,2016PNC06_20,
P94,E,3,P94E03,Sc,Kelowna,2016,PNC,6,21,2016PNC06_21,
P94,F,3,P94F03,Sc,Kelowna,2016,PNC,6,22,2016PNC06_22,
P94,G,3,P94G03,Sc,Kelowna,2016,PNC,6,23,2016PNC06_23,
P94,H,3,P94H03,Sc,Kelowna,2016,PNC,6,24,2016PNC06_24,
P94,A,4,P94A04,Sc,Kelowna,2016,PNC,6,25,2016PNC06_25,
P94,B,4,P94B04,Sc,Kelowna,2016,PNC,6,26,2016PNC06_26,
P94,C,4,P94C04,Sc,Kelowna,2016,PNC,6,27,2016PNC06_27,
P94,D,4,P94D04,Sc,Kelowna,2016,PNC,6,28,2016PNC06_28,
P94,E,4,P94E04,Sc,Kelowna,2016,PNC,6,29,2016PNC06_29,
P94,F,4,P94F04,Sc,Kelowna,2016,PNC,6,30,2016PNC06_30,
P94,G,4,P94G04,Sc,Kelowna,2016,PNC,6,31,2016PNC06_31,
P94,H,4,P94H04,Sc,Kelowna,2016,PNC,6,32,2016PNC06_32,
P94,A,5,P94A05,Sc,Kelowna,2016,PNC,6,33,2016PNC06_33,
P94,B,5,P94B05,Sc,Kelowna,2016,PNC,6,34,2016PNC06_34,
P94,C,5,P94C05,Sc,Kelowna,2016,PNC,6,35,2016PNC06_35,
P94,D,5,P94D05,Sc,Kelowna,2016,PNC,6,36,2016PNC06_36,
P94,E,5,P94E05,Sc,Kelowna,2016,PNC,6,37,2016PNC06_37,
P94,F,5,P94F05,Sc,Kelowna,2016,PNC,6,38,2016PNC06_38,
P94,G,5,P94G05,Sc,Kelowna,2016,PNC,6,39,2016PNC06_39,
P94,H,5,P94H05,Sc,Kelowna,2016,PNC,6,40,2016PNC06_40,
P94,A,6,P94A06,Sc,Kelowna,2016,PNC,6,41,2016PNC06_41,
P94,B,6,P94B06,Sc,Kelowna,2016,PNC,6,42,2016PNC06_42,
P94,C,6,P94C06,Sc,Kelowna,2016,PNC,6,43,2016PNC06_43,
P94,D,6,P94D06,Sc,Kelowna,2016,PNC,6,44,2016PNC06_44,
P94,E,6,P94E06,Sc,Kelowna,2016,PNC,6,45,2016PNC06_45,
P94,F,6,P94F06,Sc,Kelowna,2016,PNC,6,46,2016PNC06_46,
P94,G,6,P94G06,Sc,Kelowna,2016,PNC,6,47,2016PNC06_47,
P94,H,6,P94H06,Sc,Kelowna,2016,PNC,6,48,2016PNC06_48,
P95,A,1,P95A01,Sc,OliverOsoyoos,2016,RD,6,1,2016RD06_01,
P95,B,1,P95B01,Sc,OliverOsoyoos,2016,RD,6,2,2016RD06_02,
P95,C,1,P95C01,Sc,OliverOsoyoos,2016,RD,6,3,2016RD06_03,
P95,D,1,P95D01,Sc,OliverOsoyoos,2016,RD,6,4,2016RD06_04,
P95,E,1,P95E01,Sc,OliverOsoyoos,2016,RD,6,5,2016RD06_05,
P95,F,1,P95F01,Sc,OliverOsoyoos,2016,RD,6,6,2016RD06_06,
P95,G,1,P95G01,Sc,OliverOsoyoos,2016,RD,6,7,2016RD06_07,
P95,H,1,P95H01,Sc,OliverOsoyoos,2016,RD,6,8,2016RD06_08,
P95,A,2,P95A02,Sc,OliverOsoyoos,2016,RD,6,9,2016RD06_09,
P95,B,2,P95B02,Sc,OliverOsoyoos,2016,RD,6,10,2016RD06_10,
P95,C,2,P95C02,Sc,OliverOsoyoos,2016,RD,6,11,2016RD06_11,
P95,D,2,P95D02,Sc,OliverOsoyoos,2016,RD,6,12,2016RD06_12,
P95,E,2,P95E02,Sc,OliverOsoyoos,2016,RD,6,13,2016RD06_13,
P95,F,2,P95F02,Sc,OliverOsoyoos,2016,RD,6,14,2016RD06_14,
P95,G,2,P95G02,Sc,OliverOsoyoos,2016,RD,6,15,2016RD06_15,
P95,H,2,P95H02,Sc,OliverOsoyoos,2016,RD,6,16,2016RD06_16,
P95,A,3,P95A03,Sc,OliverOsoyoos,2016,RD,6,17,2016RD06_17,
P95,B,3,P95B03,Sc,OliverOsoyoos,2016,RD,6,18,2016RD06_18,
P95,C,3,P95C03,Sc,OliverOsoyoos,2016,RD,6,19,2016RD06_19,
P95,D,3,P95D03,Sc,OliverOsoyoos,2016,RD,6,20,2016RD06_20,
P95,E,3,P95E03,Sc,OliverOsoyoos,2016,RD,6,21,2016RD06_21,
P95,F,3,P95F03,Sc,OliverOsoyoos,2016,RD,6,22,2016RD06_22,
P95,G,3,P95G03,Sc,OliverOsoyoos,2016,RD,6,23,2016RD06_23,
P95,H,3,P95H03,Sc,OliverOsoyoos,2016,RD,6,24,2016RD06_24,
P95,A,4,P95A04,Sc,OliverOsoyoos,2016,RD,6,25,2016RD06_25,
P95,B,4,P95B04,Sc,OliverOsoyoos,2016,RD,6,26,2016RD06_26,
P95,C,4,P95C04,Sc,OliverOsoyoos,2016,RD,6,27,2016RD06_27,
P95,D,4,P95D04,Sc,OliverOsoyoos,2016,RD,6,28,2016RD06_28,
P95,E,4,P95E04,Sc,OliverOsoyoos,2016,RD,6,29,2016RD06_29,
P95,F,4,P95F04,Sc,OliverOsoyoos,2016,RD,6,30,2016RD06_30,
P95,G,4,P95G04,Sc,OliverOsoyoos,2016,RD,6,31,2016RD06_31,
P95,H,4,P95H04,Sc,OliverOsoyoos,2016,RD,6,32,2016RD06_32,
P95,A,5,P95A05,Sc,OliverOsoyoos,2016,RD,6,33,2016RD06_33,
P95,B,5,P95B05,Sc,OliverOsoyoos,2016,RD,6,34,2016RD06_34,
P95,C,5,P95C05,Sc,OliverOsoyoos,2016,RD,6,35,2016RD06_35,
P95,D,5,P95D05,Sc,OliverOsoyoos,2016,RD,6,36,2016RD06_36,
P95,E,5,P95E05,Sc,OliverOsoyoos,2016,RD,6,37,2016RD06_37,
P95,F,5,P95F05,Sc,OliverOsoyoos,2016,RD,6,38,2016RD06_38,
P95,G,5,P95G05,Sc,OliverOsoyoos,2016,RD,6,39,2016RD06_39,
P95,H,5,P95H05,Sc,OliverOsoyoos,2016,RD,6,40,2016RD06_40,
P95,A,6,P95A06,Sc,OliverOsoyoos,2016,RD,6,41,2016RD06_41,
P95,B,6,P95B06,Sc,OliverOsoyoos,2016,RD,6,42,2016RD06_42,
P95,C,6,P95C06,Sc,OliverOsoyoos,2016,RD,6,43,2016RD06_43,
P95,D,6,P95D06,Sc,OliverOsoyoos,2016,RD,6,44,2016RD06_44,
P95,E,6,P95E06,Sc,OliverOsoyoos,2016,RD,6,45,2016RD06_45,
P95,F,6,P95F06,Sc,OliverOsoyoos,2016,RD,6,46,2016RD06_46,
P95,G,6,P95G06,Sc,OliverOsoyoos,2016,RD,6,47,2016RD06_47,
P95,H,6,P95H06,Sc,OliverOsoyoos,2016,RD,6,48,2016RD06_48,
P95,A,7,P95A07,Sc,OliverOsoyoos,2016,SB,2,47,2016SB02_47,
P95,B,7,P95B07,Sc,OliverOsoyoos,2016,SB,2,48,2016SB02_48,
P95,C,7,P95C07,Sc,OliverOsoyoos,2016,SB,6,47,2016SB06_47,
P95,D,7,P95D07,Sc,OliverOsoyoos,2016,SB,6,48,2016SB06_48,
P95,E,7,P95E07,Sc,OliverOsoyoos,2016,MHA,3,47,2016MHA03_47,
P95,F,7,P95F07,Sc,OliverOsoyoos,2016,MHA,3,48,2016MHA03_48,
P95,G,7,P95G07,Sc,OliverOsoyoos,2016,TN,1,47,2016TN01_47,
P95,H,7,P95H07,Sc,OliverOsoyoos,2016,TN,1,48,2016TN01_48,
P95,A,8,P95A08,Sc,OliverOsoyoos,2016,TN,5,47,2016TN05_47,
P95,B,8,P95B08,Sc,OliverOsoyoos,2016,TN,5,48,2016TN05_48,
P95,C,8,P95C08,Sc,Kelowna,2016,TA,2,47,2016TA02_47,
P95,D,8,P95D08,Sc,Kelowna,2016,TA,2,48,2016TA02_48,
P95,E,8,P95E08,Sc,Kelowna,2016,TA,4,47,2016TA04_47,
P95,F,8,P95F08,Sc,Kelowna,2016,TA,4,48,2016TA04_48,
P95,G,8,P95G08,Sc,Kelowna,2016,TA,6,47,2016TA06_47,
P95,H,8,P95H08,Sc,Kelowna,2016,TA,6,48,2016TA06_48,
P95,A,9,P95A09,Sc,Kelowna,2016,PNC,2,47,2016PNC02_47,
P95,B,9,P95B09,Sc,Kelowna,2016,PNC,2,48,2016PNC02_48,
P95,C,9,P95C09,Sc,Kelowna,2016,PNC,5,47,2016PNC05_47,
P95,D,9,P95D09,Sc,Kelowna,2016,PNC,5,48,2016PNC05_48,
P95,E,9,P95E09,Sc,OliverOsoyoos,2016,RD,3,47,2016RD03_47,
P95,F,9,P95F09,Sc,OliverOsoyoos,2016,RD,3,48,2016RD03_48,
P95,G,9,P95G09,Sc,OliverOsoyoos,2016,RD,5,47,2016RD05_47,
P95,H,9,P95H09,Sc,OliverOsoyoos,2016,RD,5,48,2016RD05_48,
P95,A,10,P95A10,Sc,Kelowna,2016,CC,2,47,2016CC02_47,
P95,B,10,P95B10,Sc,Kelowna,2016,CC,2,48,2016CC02_48,
P95,C,10,P95C10,Sc,Kelowna,2016,CC,4,47,2016CC04_47,
P95,D,10,P95D10,Sc,Kelowna,2016,CC,4,48,2016CC04_48,
P95,E,10,P95E10,Sc,Kelowna,2016,CC,6,47,2016CC06_47,
P95,F,10,P95F10,Sc,Kelowna,2016,CC,6,48,2016CC06_48,
P95,A,11,P95A11,Sc,Kelowna,2016,PNA,6,47,2016PNA06_47,
P95,B,11,P95B11,Sc,Kelowna,2016,PNA,6,48,2016PNA06_48,
